rollcall_id,roll_num,date,bill_id,question,result,description,year,congress,session
2019:001,1,3-Jan,QUORUM,Call by States,P,,2019,116,1
2019:002,2,3-Jan,,Election of the Speaker,P, ,2019,116,1
2019:003,3,3-Jan,H.RES.5,On Motion to Table the Motion to Refer,P,"Providing for consideration of H.Res. 6, adopting the Rules of the House of Representatives for the 116th Congress; providing for consideration of H.R. 21, making appropriations for the FY ending September 30, 2019, and for other purposes",2019,116,1
2019:004,4,3-Jan,H.RES.5,On Ordering the Previous Question,P,"Providing for consideration of H.Res. 6, adopting the Rules of the House of Representatives for the 116th Congress; H.R. 21, making appropriations for the FY ending September 30, 2019; H.J.Res. 1, making further continuing appropriations for the Department of Homeland Security for FY 2019, and for other purposes",2019,116,1
2019:005,5,3-Jan,H.RES.5,On Motion to Commit with Instructions,F,"Providing for consideration of H.Res. 6, adopting the Rules of the House of Representatives for the 116th Congress; H.R. 21, making appropriations for the FY ending September 30, 2019; H.J.Res. 1, making further continuing appropriations for the Department of Homeland Security for FY 2019, and for other purposes",2019,116,1
2019:006,6,3-Jan,H.RES.5,On Agreeing to the Resolution,P,"Providing for consideration of H.Res. 6, adopting the Rules of the House of Representatives for the 116th Congress; H.R. 21, making appropriations for the FY ending September 30, 2019; H.J.Res. 1, making further continuing appropriations for the Department of Homeland Security for FY 2019, and for other purposes",2019,116,1
2019:007,7,3-Jan,H.RES.6,On Agreeing to Title I of the Resolution,P,"Adopting the Rules of the House of Representatives for the One Hundred Sixteenth Congress, and for other purposes",2019,116,1
2019:008,8,3-Jan,H.J.RES.1,On Motion to Recommit with Instructions,F,"Making further continuing appropriations for the Department of Homeland Security for fiscal year 2019, and for other purposes",2019,116,1
2019:009,9,3-Jan,H.J.RES.1,On Passage,P,"Making further continuing appropriations for the Department of Homeland Security for fiscal year 2019, and for other purposes",2019,116,1
2019:010,10,3-Jan,H.R.21,On Motion to Recommit with Instructions,F,"Making appropriations for the fiscal year ending September 30, 2019, and for other purposes",2019,116,1
2019:011,11,3-Jan,H.R.21,On Passage,P,"Making appropriations for the fiscal year ending September 30, 2019, and for other purposes",2019,116,1
2019:012,12,4-Jan,H.RES.6,On Agreeing to Title II of the Resolution,P,"Adopting the Rules of the House of Representatives for the One Hundred Sixteenth Congress, and for other purposes",2019,116,1
2019:013,13,8-Jan,H.R.269,On Motion to Suspend the Rules and Pass,P,Pandemic and All-Hazards Preparedness and Advancing Innovation Act,2019,116,1
2019:014,14,8-Jan,H.R.251,On Motion to Suspend the Rules and Pass,P,Chemical Facility Anti-Terrorism Standards Program Extension Act,2019,116,1
2019:015,15,8-Jan,JOURNAL,On Approving the Journal,P, ,2019,116,1
2019:016,16,9-Jan,H.RES.28,On Ordering the Previous Question,P,"Providing for consideration of H.R. 264, H.R. 265, H.R. 266, and H.R. 267; waiving a requirement of clause 6(a) of rule XIII with respect to consideration of certain resolutions reported from the Committee on Rules",2019,116,1
2019:017,17,9-Jan,H.RES.28,On Agreeing to the Resolution,P,"Providing for consideration of H.R. 264, H.R. 265, H.R. 266, and H.R. 267; waiving a requirement of clause 6(a) of rule XIII with respect to consideration of certain resolutions reported from the Committee on Rules",2019,116,1
2019:018,18,9-Jan,H.R.226,On Motion to Suspend the Rules and Pass,P,Clarity on Small Business Participation in Category Management Act,2019,116,1
2019:019,19,9-Jan,H.RES.6,On Agreeing to Title III of the Resolution,P,"Adopting the Rules of the House of Representatives for the One Hundred Sixteenth Congress, and for other purposes",2019,116,1
2019:020,20,9-Jan,H.R.264,On Motion to Recommit with Instructions,F,"Making appropriations for financial services and general government for the fiscal year ending September 30, 2019, and for other purposes",2019,116,1
2019:021,21,9-Jan,H.R.264,On Passage,P,"Making appropriations for financial services and general government for the fiscal year ending September 30, 2019, and for other purposes",2019,116,1
2019:022,22,10-Jan,H.R.267,On Motion to Recommit with Instructions,F,"Making appropriations for the Department of Transportation, and Housing and Urban Development, and related agencies for the fiscal year ending September 30, 2019, and for other purposes",2019,116,1
2019:023,23,10-Jan,H.R.267,On Passage,P,"Making appropriations for the Department of Transportation, and Housing and Urban Development, and related agencies for the fiscal year ending September 30, 2019, and for other purposes",2019,116,1
2019:024,24,10-Jan,H.R.265,On Motion to Recommit with Instructions,F,"Making appropriations for Agriculture, Rural Development, Food and Drug Administration, and Related Agencies programs for the fiscal year ending September 30, 2019, and for other purposes",2019,116,1
2019:025,25,10-Jan,H.R.265,On Passage,P,"Making appropriations for Agriculture, Rural Development, Food and Drug Administration, and Related Agencies programs for the fiscal year ending September 30, 2019, and for other purposes",2019,116,1
2019:026,26,11-Jan,H.R.266,On Motion to Recommit with Instructions,F,"Making appropriations for the Department of the Interior, environment, and related agencies for the fiscal year ending September 30, 2019, and for other purposes",2019,116,1
2019:027,27,11-Jan,H.R.266,On Passage,P,"Making appropriations for the Department of the Interior, environment, and related agencies for the fiscal year ending September 30, 2019, and for other purposes",2019,116,1
2019:028,28,11-Jan,S.24,On Motion to Suspend the Rules and Pass,P,Government Employee Fair Treatment Act,2019,116,1
2019:029,29,11-Jan,H.R.221,On Motion to Suspend the Rules and Pass,P,Special Envoy to Monitor and Combat Anti-Semitism Act,2019,116,1
2019:030,30,14-Jan,H.R.116,On Motion to Suspend the Rules and Pass,P,Investing in Main Street Act,2019,116,1
2019:031,31,15-Jan,H.J.RES.27,On Motion to Suspend the Rules and Pass,F,"Making further continuing appropriations for fiscal year 2019, and for other purposes",2019,116,1
2019:032,32,15-Jan,H.RES.41,On Motion to Suspend the Rules and Agree,P,Rejecting White nationalism and White supremacy,2019,116,1
2019:033,33,15-Jan,H.R.135,On Motion to Suspend the Rules and Pass,P,Federal Employee Antidiscrimination Act,2019,116,1
2019:034,34,16-Jan,H.RES.43,On Ordering the Previous Question,P,"Providing for consideration of the bill (H.R. 268) making supplemental appropriations for the fiscal year ending September 30, 2019, and for other purposes, and waiving a requirement of clause 6(a) of rule XIII with respect to consideration of certain resolutions reported from the Committee on Rules",2019,116,1
2019:035,35,16-Jan,H.RES.43,On Agreeing to the Resolution,P,"Providing for consideration of the bill (H.R. 268) making supplemental appropriations for the fiscal year ending September 30, 2019, and for other purposes, and waiving a requirement of clause 6(a) of rule XIII with respect to consideration of certain resolutions reported from the Committee on Rules",2019,116,1
2019:036,36,16-Jan,H.R.190,On Motion to Suspend the Rules and Pass,P,Expanding Contracting Opportunities for Small Businesses Act,2019,116,1
2019:037,37,16-Jan,H.R.268,On Agreeing to the Amendment,A,McGovern of Massachusetts Part B Amendment No. 2,2019,116,1
2019:038,38,16-Jan,H.R.268,On Motion to Recommit with Instructions,F,"Making supplemental appropriations for the fiscal year ending September 30, 2019, and for other purposes",2019,116,1
2019:039,39,16-Jan,H.R.268,On Passage,P,"Making supplemental appropriations for the fiscal year ending September 30, 2019, and for other purposes",2019,116,1
2019:040,40,17-Jan,H.RES.52,On Agreeing to the Resolution,P,"Providing for consideration of the joint resolution (H.J. Res. 28) making further continuing appropriations for fiscal year 2019, and for other purposes, and providing for consideration of motions to suspend the rules",2019,116,1
2019:041,41,17-Jan,H.R.150,On Motion to Suspend the Rules and Pass,P,Grant Reporting Efficiency and Agreements Transparency Act or GREAT Act,2019,116,1
2019:042,42,17-Jan,H.J.RES.30,On Motion to Suspend the Rules and Pass,P,Disapproving the Presidents proposal to take an action relating to the application of certain sanctions with respect to the Russian Federation,2019,116,1
2019:043,43,17-Jan,H.J.RES.28,On Motion to Recommit with Instructions,F,"Making further continuing appropriations for fiscal year 2019, and for other purposes",2019,116,1
2019:044,44,22-Jan,H.R.676,On Motion to Suspend the Rules and Pass,P,NATO Support Act,2019,116,1
2019:045,45,22-Jan,H.R.328,On Motion to Suspend the Rules and Pass,P,Hack Your State Department Act,2019,116,1
2019:046,46,23-Jan,H.J.RES.28,On Passage,P,"Making further continuing appropriations for fiscal year 2019, and for other purposes",2019,116,1
2019:047,47,23-Jan,H.RES.61,On Agreeing to the Resolution,P,"Providing for consideration of the bill H.R. 648, and consideration of the joint resolution, H.J. Res. 31; providing for consideration of motions to suspend the rules; and waiving a requirement of clause 6(a) of rule XIII with respect to consideration of certain resolutions reported from the Committee on Rules",2019,116,1
2019:048,48,23-Jan,H.R.648,On Motion to Recommit with Instructions,F,"Consolidated Appropriations Act, 2019",2019,116,1
2019:049,49,23-Jan,H.R.648,On Passage,P,"Consolidated Appropriations Act, 2019",2019,116,1
2019:050,50,24-Jan,H.J.RES.31,On Motion to Recommit with Instructions,F,"Making further continuing appropriations for the Department of Homeland Security for fiscal year 2019, and for other purposes",2019,116,1
2019:051,51,24-Jan,H.J.RES.31,On Passage,P,"Making further continuing appropriations for the Department of Homeland Security for fiscal year 2019, and for other purposes",2019,116,1
2019:052,52,28-Jan,H.R.624,On Motion to Suspend the Rules and Pass,P,Promoting Transparent Standards for Corporate Insiders Act,2019,116,1
2019:053,53,28-Jan,H.R.502,On Motion to Suspend the Rules and Pass,P,Fight Illicit Networks and Detect Trafficing Act,2019,116,1
2019:054,54,28-Jan,JOURNAL,On Approving the Journal,P, ,2019,116,1
2019:055,55,29-Jan,ADJOURN,On Motion to Adjourn,F, ,2019,116,1
2019:056,56,29-Jan,H.R.428,On Motion to Suspend the Rules and Pass,P,Homeland Security Assessment of Terrorists Use of Virtual Currencies Act,2019,116,1
2019:057,57,29-Jan,H.R.449,On Motion to Suspend the Rules and Pass,P,Pathways to Improving Homeland Security at the Local Level Act,2019,116,1
2019:058,58,29-Jan,H.R.769,On Motion to Suspend the Rules and Pass,P,Counterterrorism Advisory Board Act,2019,116,1
2019:059,59,29-Jan,H.RES.77,Table Motion to Reconsider,P,Expressing the sense of Congress that financial institutions and other companies should work proactively with their customers affected by the shutdown of the Federal Government who may be facing short-term financial hardship and long-term damage to their creditworthiness through no fault of their own,2019,116,1
2019:060,60,30-Jan,H.RES.87,On Ordering the Previous Question,P,"Providing for consideration of the bill (H.R. 790) to provide for a pay increase in 2019 for certain civilian employees of the Federal Government, and for other purposes, and providing for consideration of motions to suspend the rules",2019,116,1
2019:061,61,30-Jan,H.RES.87,On Agreeing to the Resolution,P,"Providing for consideration of the bill (H.R. 790) to provide for a pay increase in 2019 for certain civilian employees of the Federal Government, and for other purposes, and providing for consideration of motions to suspend the rules",2019,116,1
2019:062,62,30-Jan,H.R.790,On Agreeing to the Amendment,A,Trahan of Massachusetts Part B Amendment No. 3,2019,116,1
2019:063,63,30-Jan,H.R.790,On Motion to Recommit with Instructions,F,Federal Civilian Workforce Pay Raise Fairness Act,2019,116,1
2019:064,64,30-Jan,H.R.790,On Passage,P,Federal Civilian Workforce Pay Raise Fairness Act,2019,116,1
2019:065,65,30-Jan,H.RES.79,"On Motion to Suspend the Rules and Agree, as Amended",F,Expressing the sense of the House of Representatives that Government shutdowns are detrimental to the Nation and should not occur,2019,116,1
2019:066,66,6-Feb,H.R.831,On Motion to Suspend the Rules and Pass,P,Reviving Americas Scenic Byways Act,2019,116,1
2019:067,67,6-Feb,H.R.66,On Motion to Suspend the Rules and Pass,P,Route 66 Centennial Commission Act,2019,116,1
2019:068,68,7-Feb,H.RES.105,On Ordering the Previous Question,P,"Providing for consideration of H.R. 840, the Veterans Access to Child Care Act; providing for adoption of H.Res. 86, providing amounts for the expenses of the Select Committee on the Climate Crisis and the Select Committee on the Modernization of Congress; providing for consideration of motions to suspend the rules",2019,116,1
2019:069,69,7-Feb,H.RES.105,On Agreeing to the Resolution,P,"Providing for consideration of H.R. 840, the Veterans Access to Child Care Act; providing for adoption of H.Res. 86, providing amounts for the expenses of the Select Committee on the Climate Crisis and the Select Committee on the Modernization of Congress; providing for consideration of motions to suspend the rules",2019,116,1
2019:070,70,7-Feb,H.R.450,"On Motion to Suspend the Rules and Pass, as Amended",P,Preventing Crimes Against Veterans Act of 2019,2019,116,1
2019:071,71,7-Feb,H.R.507,On Motion to Suspend the Rules and Pass,P,Put Trafficking Victims First Act of 2019,2019,116,1
2019:072,72,8-Feb,H.R.840,On Agreeing to the Amendment,F,Bergman of Michigan Amendment No. 4,2019,116,1
2019:073,73,8-Feb,H.R.840,On Agreeing to the Amendment,A,Sherrill of New Jersey Amendment No. 19,2019,116,1
2019:074,74,8-Feb,H.R.840,On Motion to Recommit with Instructions,F,Veterans Access to Child Care Act,2019,116,1
2019:075,75,8-Feb,H.R.840,On Passage,P,Veterans Access to Child Care Act,2019,116,1
2019:076,76,11-Feb,H.R.1065,On Motion to Suspend the Rules and Pass,P,Social Media Use in Clearance Investigations Act,2019,116,1
2019:077,77,11-Feb,H.R.1079,"On Motion to Suspend the Rules and Pass, as Amended",P,Creating Advanced Streamlined Electronic Services for Constituents Act,2019,116,1
2019:078,78,13-Feb,H.RES.122,On Ordering the Previous Question,P,"Providing for consideration of H.J. Res.37, directing the removal of United States Armed Forces from hostilities in the Republic of Yemen that have not been authorized by Congress; waiving a requirement of clause 6(a) of rule XIII with respect to consideration of certain resolutions reported from the Committee on Rules",2019,116,1
2019:079,79,13-Feb,H.RES.122,On Agreeing to the Resolution,P,"Providing for consideration of H.J. Res.37, directing the removal of United States Armed Forces from hostilities in the Republic of Yemen that have not been authorized by Congress; waiving a requirement of clause 6(a) of rule XIII with respect to consideration of certain resolutions reported from the Committee on Rules",2019,116,1
2019:080,80,13-Feb,JOURNAL,On Approving the Journal,P, ,2019,116,1
2019:081,81,13-Feb,H.J.RES.37,On Agreeing to the Amendment,A,Buck of Colorado Amendment No. 2,2019,116,1
2019:082,82,13-Feb,H.J.RES.37,On Motion to Recommit with Instructions,P,Directing the removal of United States Armed Forces from hostilities in the Republic of Yemen that have not been authorized by Congress,2019,116,1
2019:083,83,13-Feb,H.J.RES.37,On Passage,P,Directing the removal of United States Armed Forces from hostilities in the Republic of Yemen that have not been authorized by Congress,2019,116,1
2019:084,84,13-Feb,H.R.995,"On Motion to Suspend the Rules and Pass, as Amended",P,Settlement Agreement Information Database Act,2019,116,1
2019:085,85,14-Feb,H.RES.131,On Ordering the Previous Question,P,"Providing for consideration of the conference report to accompany H.J. Res. 31, making further continuing appropriations for the Department of Homeland Security for fiscal year 2019, and for other purposes; providing for proceedings during the period from February 15, 2019 through February 22, 2019",2019,116,1
2019:086,86,14-Feb,H.RES.131,On Agreeing to the Resolution,P,"Providing for consideration of the conference report to accompany H.J. Res. 31, making further continuing appropriations for the Department of Homeland Security for fiscal year 2019, and for other purposes; providing for proceedings during the period from February 15, 2019 through February 22, 2019",2019,116,1
2019:087,87,14-Feb,H.J.RES.31,On Agreeing to the Conference Report,P,"Making further continuing appropriations for the Department of Homeland Security for fiscal year 2019, and for other purposes",2019,116,1
2019:088,88,25-Feb,H.R.539,On Motion to Suspend the Rules and Pass,P,Innovators to Entrepreneurs Act,2019,116,1
2019:089,89,25-Feb,H.R.276,On Motion to Suspend the Rules and Pass,P,Recognizing Achievement in Classified School Employees Act,2019,116,1
2019:090,90,26-Feb,H.RES.145,On Ordering the Previous Question,P,"Providing for consideration of the bill (H.R. 8) Bipartisan Background Checks Act, and providing for consideration of the bill (H.R. 1112) Enhanced Background Checks Act",2019,116,1
2019:091,91,26-Feb,H.RES.145,On Agreeing to the Resolution,P,"Providing for consideration of the bill (H.R. 8) Bipartisan Background Checks Act, and providing for consideration of the bill (H.R. 1112) Enhanced Background Checks Act",2019,116,1
2019:092,92,26-Feb,H.RES.144,On Ordering the Previous Question,P,"Providing for consideration of the joint resolution (H.J. Res. 46) relating to a national emergency declared by the President on February 15, 2019",2019,116,1
2019:093,93,26-Feb,H.RES.144,On Agreeing to the Resolution,P,"Providing for consideration of the joint resolution (H.J. Res. 46) relating to a national emergency declared by the President on February 15, 2019",2019,116,1
2019:094,94,26-Feb,H.J.RES.46,On Passage,P,"Relating to a national emergency declared by the President on February 15, 2019",2019,116,1
2019:095,95,26-Feb,S.47,On Motion to Suspend the Rules and Pass,P,Natural Resources Management Act,2019,116,1
2019:096,96,27-Feb,H.R.8,On Agreeing to the Amendment,F,Lesko of Arizona Part A Amendment No. 1,2019,116,1
2019:097,97,27-Feb,H.R.8,On Agreeing to the Amendment,A,Horn of Oklahoma Part A Amendment No. 3,2019,116,1
2019:098,98,27-Feb,H.R.8,On Motion to Recommit with Instructions,P,Bipartisan Background Checks Act,2019,116,1
2019:099,99,27-Feb,H.R.8,On Passage,P,Bipartisan Background Checks Act,2019,116,1
2019:100,100,28-Feb,H.R.1112,On Agreeing to the Amendment,A,Schneider of Illinois Part B Amendment No. 2,2019,116,1
2019:101,101,28-Feb,H.R.1112,On Agreeing to the Amendment,A,Van Drew of New Jersey Part B Amendment No. 5,2019,116,1
2019:102,102,28-Feb,H.R.1112,On Motion to Recommit with Instructions,F,Enhanced Background Checks Act,2019,116,1
2019:103,103,28-Feb,H.R.1112,On Passage,P,Enhanced Background Checks Act,2019,116,1
2019:104,104,5-Mar,H.R.1381,On Motion to Suspend the Rules and Pass,P,Burn Pit Registry Enhancement Act,2019,116,1
2019:105,105,5-Mar,S.49,On Motion to Suspend the Rules and Pass,P,"To designate the outstation of the Department of Veterans Affairs in North Ogden, Utah, as the Major Brent Taylor Vet Center Outstation",2019,116,1
2019:106,106,6-Mar,H.RES.172,On Ordering the Previous Question,P,"Providing for consideration of H.R. 1, the For the People Act of 2019; and providing for consideration of motions to suspend the rules",2019,116,1
2019:107,107,6-Mar,H.RES.172,On Agreeing to the Resolution,P,"Providing for consideration of H.R. 1, the For the People Act of 2019; and providing for consideration of motions to suspend the rules",2019,116,1
2019:108,108,7-Mar,H.RES.183,"On Motion to Suspend the Rules and Agree, as Amended",P,Condemning anti-Semitism as hateful expressions of intolerance that are contradictory to the values and aspirations that define the people of the United States and condemning anti-Muslim discrimination and bigotry against minorities as hateful expressions of intolerance that are contrary to the values and aspirations,2019,116,1
2019:109,109,7-Mar,H.R.1,On Agreeing to the Amendment,A,Raskin of Maryland Part B Amendment No. 3,2019,116,1
2019:110,110,7-Mar,H.R.1,On Agreeing to the Amendment,F,Cole of Oklahoma Part B Amendment No. 5,2019,116,1
2019:111,111,7-Mar,H.R.1,On Agreeing to the Amendment,F,Pressley of Massachusetts Part B Amendment No. 24,2019,116,1
2019:112,112,7-Mar,H.R.1,On Agreeing to the Amendment,F,Green of Tennessee Part B Amendment No. 25,2019,116,1
2019:113,113,7-Mar,H.R.1,On Agreeing to the Amendment,F,Davidson of Ohio Part B Amendment No. 32,2019,116,1
2019:114,114,7-Mar,H.R.1,On Agreeing to the Amendment,F,Davidson of Ohio Part B Amendment No. 33,2019,116,1
2019:115,115,8-Mar,H.R.1,On Agreeing to the Amendment,A,Brindisi of New York Part B Amendment No. 54,2019,116,1
2019:116,116,8-Mar,H.R.1,On Agreeing to the Amendment,A,Neguse of Colorado Part B Amendment No. 70,2019,116,1
2019:117,117,8-Mar,H.R.1,On Motion to Recommit with Instructions,F,For the People Act,2019,116,1
2019:118,118,8-Mar,H.R.1,On Passage,P,For the People Act,2019,116,1
2019:119,119,11-Mar,H.R.1122,On Motion to Suspend the Rules and Pass,P,Housing Choice Voucher Mobility Demonstration Act,2019,116,1
2019:120,120,11-Mar,H.R.758,"On Motion to Suspend the Rules and Pass, as Amended",P,Cooperate with Law Enforcement Agencies and Watch Act,2019,116,1
2019:121,121,12-Mar,H.RES.156,"On Motion to Suspend the Rules and Agree, as Amended",P,Calling for accountability and justice for the assassination of Boris Nemtsov,2019,116,1
2019:122,122,12-Mar,H.R.596,"On Motion to Suspend the Rules and Pass, as Amended",P,Crimea Annexation Non-recognition Act,2019,116,1
2019:123,123,12-Mar,H.R.1654,"On Motion to Suspend the Rules and Pass, as Amended",P,Federal Register Modernization Act,2019,116,1
2019:124,124,13-Mar,H.RES.208,On Agreeing to the Resolution,P,"Providing for consideration of H. Con. Res. 24, expressing the sense of Congress that the report of Special Counsel Mueller should be made available to the public and to Congress; providing for proceedings during the period from March 15, 2019, through March 22, 2019",2019,116,1
2019:125,125,14-Mar,H.CON.RES.24,On Agreeing to the Resolution,P,Expressing the sense of Congress that the report of Special Counsel Mueller should be made available to the public and to Congress,2019,116,1
2019:126,126,25-Mar,H.R.1616,"On Motion to Suspend the Rules and Pass, as Amended",P,European Energy Security and Diversification Act,2019,116,1
2019:127,127,26-Mar,H.J.RES.46,"On Passage, Objections of the President to the Contrary Notwithstanding",F,"Relating to a national emergency declared by the President on February 15, 2019",2019,116,1
2019:128,128,26-Mar,H.R.1388,On Motion to Suspend the Rules and Pass,P,Lytton Rancheria Homelands Act,2019,116,1
2019:129,129,26-Mar,H.R.297,On Motion to Suspend the Rules and Pass,P,Little Shell Tribe of Chippewa Indians Restoration Act,2019,116,1
2019:130,130,27-Mar,H.RES.252,On Ordering the Previous Question,P,"Providing for consideration of H.R. 7, the Paycheck Fairness Act; H. Res. 124, expressing opposition to banning service in the Amred Forces by openly transgender individuals",2019,116,1
2019:131,131,27-Mar,H.RES.252,On Agreeing to the Resolution,P,"Providing for consideration of H.R. 7, the Paycheck Fairness Act; H. Res. 124, expressing opposition to banning service in the Amred Forces by openly transgender individuals",2019,116,1
2019:132,132,27-Mar,H.R.7,On Agreeing to the Amendment,A,Beyer of Virginia Part B Amendment No. 7,2019,116,1
2019:133,133,27-Mar,H.R.7,On Motion to Recommit with Instructions,F,Paycheck Fairness Act,2019,116,1
2019:134,134,27-Mar,H.R.7,On Passage,P,Paycheck Fairness Act,2019,116,1
2019:135,135,28-Mar,H.RES.124,On Agreeing to the Resolution,P,Expressing opposition to banning service in the Armed Forces by openly transgender individuals,2019,116,1
2019:136,136,28-Mar,JOURNAL,On Approving the Journal,P, ,2019,116,1
2019:137,137,1-Apr,H.R.1593,"On Motion to Suspend the Rules and Pass, as Amended",P,Coordinating and Leveraging Activities for School Security Act,2019,116,1
2019:138,138,1-Apr,H.R.1590,"On Motion to Suspend the Rules and Pass, as Amended",P,Terrorist and Foreign Fighter Travel Exercise Act,2019,116,1
2019:139,139,1-Apr,JOURNAL,On Approving the Journal,P, ,2019,116,1
2019:140,140,2-Apr,H.RES.274,On Ordering the Previous Question,P,Consideration of (S.J.Res. 7) to direct the removal of the United States Armed Forces from hostilities in the Republic of Yemen that have not been authorized by Congress; consideration of (H.Res. 271) Condemning the Trump Administrations Legal Campaign to Take Away Americans Health Care; and suspension authority.,2019,116,1
2019:141,141,2-Apr,H.RES.274,On Agreeing to the Resolution,P,Consideration of (S.J.Res. 7) to direct the removal of the United States Armed Forces from hostilities in the Republic of Yemen that have not been authorized by Congress; consideration of (H.Res. 271) Condemning the Trump Administrations Legal Campaign to Take Away Americans Health Care; and suspension authority.,2019,116,1
2019:142,142,2-Apr,H.R.540,On Motion to Suspend the Rules and Pass,P,"To designate the facility of the United States Postal Service located at 770 Ayrault Road in Fairport, New York, as the Louise and Bob Slaughter Post Office",2019,116,1
2019:143,143,2-Apr,JOURNAL,On Approving the Journal,P, ,2019,116,1
2019:144,144,3-Apr,H.RES.281,On Ordering the Previous Question,P,"Providing for consideration of the bill (H.R. 1585) to reauthorize the Violence Against Women Act of 1994, and for other purposes",2019,116,1
2019:145,145,3-Apr,H.RES.281,On Agreeing to the Resolution,P,"Providing for consideration of the bill (H.R. 1585) to reauthorize the Violence Against Women Act of 1994, and for other purposes",2019,116,1
2019:146,146,3-Apr,H.RES.271,On Agreeing to the Resolution,P,Condemning the Trump Administrations Legal Campaign to Take Away Americans Health Care,2019,116,1
2019:147,147,3-Apr,H.R.1585,On Agreeing to the Amendment,A,Jeffries of New York Part B Amendment No. 1,2019,116,1
2019:148,148,3-Apr,H.R.1585,On Agreeing to the Amendment,A,Scanlon of Pennsylvania Part B Amendment No. 2,2019,116,1
2019:149,149,3-Apr,H.R.1585,On Agreeing to the Amendment,A,Waters of California Part B Amendment No. 7,2019,116,1
2019:150,150,3-Apr,H.R.1585,On Agreeing to the Amendment,A,Wagner of Missouri Part B Amendment No. 10,2019,116,1
2019:151,151,4-Apr,H.R.829,On Motion to Suspend the Rules and Pass,P,"To designate the facility of the United States Postal Service located at 1450 Montauk Highway in Mastic, New York, as the Army Specialist Thomas J. Wilwerth Post Office Building",2019,116,1
2019:152,152,4-Apr,S.J.RES.7,On Motion to Commit with Instructions,F,To direct the removal of the United States Armed Forces from hostilities in the Republic of Yemen that have not been authorized by Congress,2019,116,1
2019:153,153,4-Apr,S.J.RES.7,On Passage,P,To direct the removal of the United States Armed Forces from hostilities in the Republic of Yemen that have not been authorized by Congress,2019,116,1
2019:154,154,4-Apr,H.R.1585,On Agreeing to the Amendment,A,Torres Small of New Mexico Part B Amendment No. 40,2019,116,1
2019:155,155,4-Apr,H.R.1585,On Motion to Recommit with Instructions,F,Violence Against Women Reauthorization Act,2019,116,1
2019:156,156,4-Apr,H.R.1585,On Passage,P,Violence Against Women Reauthorization Act,2019,116,1
2019:157,157,8-Apr,H.CON.RES.19,On Motion to Suspend the Rules and Agree,P,Authorizing the use of the Capitol Grounds for the Greater Washington Soap Box Derby,2019,116,1
2019:158,158,8-Apr,H.R.1331,On Motion to Suspend the Rules and Pass,P,Local Water Protection Act,2019,116,1
2019:159,159,8-Apr,JOURNAL,On Approving the Journal,P, ,2019,116,1
2019:160,160,9-Apr,H.RES.294,On Ordering the Previous Question,P,"Providing for consideration of H.R. 1644, Save the Internet Act; and providing for consideration of H.R. 2021, Investing for the People Act",2019,116,1
2019:161,161,9-Apr,H.RES.294,On Agreeing to the Resolution,P,"Providing for consideration of H.R. 1644, Save the Internet Act; and providing for consideration of H.R. 2021, Investing for the People Act",2019,116,1
2019:162,162,9-Apr,H.R.1759,"On Motion to Suspend the Rules and Pass, as Amended",P,Building on Reemployment Improvements to Deliver Good Employment for Workers Act,2019,116,1
2019:163,163,10-Apr,H.R.1644,On Agreeing to the Amendment,A,Delgado of New York Part A Amendment No. 4,2019,116,1
2019:164,164,10-Apr,H.R.1644,On Agreeing to the Amendment,A,Wexton of Virginia Part A Amendment No. 6,2019,116,1
2019:165,165,10-Apr,H.R.1644,On Agreeing to the Amendment,A,McAdams of Utah Part A Amendment No. 12,2019,116,1
2019:166,166,10-Apr,H.R.1644,On Motion to Recommit with Instructions,F,Save the Internet Act,2019,116,1
2019:167,167,10-Apr,H.R.1644,On Passage,P,Save the Internet Act,2019,116,1
2019:168,168,29-Apr,H.R.91,On Motion to Suspend the Rules and Pass,P,Columbia River In-Lieu and Treaty Fishing Access Sites Improvement Act,2019,116,1
2019:169,169,29-Apr,JOURNAL,On Approving the Journal,P, ,2019,116,1
2019:170,170,30-Apr,H.R.1876,On Motion to Suspend the Rules and Pass,P,National Senior Investor Initiative Act,2019,116,1
2019:171,171,30-Apr,H.RES.328,On Motion to Suspend the Rules and Agree,P,Supporting the protection of elders through financial literacy,2019,116,1
2019:172,172,1-May,H.RES.329,On Ordering the Previous Question,P,"Providing for consideration of the bill (H.R. 9) to direct the President to develop a plan for the United States to meet its nationally determined contribution under the Paris Agreement, and for other purposes",2019,116,1
2019:173,173,1-May,H.RES.329,On Agreeing to the Resolution,P,"Providing for consideration of the bill (H.R. 9) to direct the President to develop a plan for the United States to meet its nationally determined contribution under the Paris Agreement, and for other purposes",2019,116,1
2019:174,174,1-May,H.RES.304,On Motion to Table,P,Raising a question of the privileges of the House,2019,116,1
2019:175,175,2-May,H.R.9,On Agreeing to the Amendment,A,Espaillat of New York Amendment No. 2,2019,116,1
2019:176,176,2-May,H.R.9,On Agreeing to the Amendment,F,Gosar of Arizona Amendment No. 10,2019,116,1
2019:177,177,2-May,H.R.9,On Agreeing to the Amendment,F,Gosar of Arizona Amendment No. 11,2019,116,1
2019:178,178,2-May,H.R.9,On Agreeing to the Amendment,A,Porter of California Amendment No. 19,2019,116,1
2019:179,179,2-May,H.R.9,On Agreeing to the Amendment,A,Fletcher of Texas Amendment No. 22,2019,116,1
2019:180,180,2-May,H.R.9,On Agreeing to the Amendment,A,Schrier of Washington Amendment No. 24,2019,116,1
2019:181,181,2-May,H.R.9,On Agreeing to the Amendment,A,Van Drew of New Jersey Amendment No. 26,2019,116,1
2019:182,182,2-May,H.R.9,On Agreeing to the Amendment,A,Engel of New York Amendment No. 29,2019,116,1
2019:183,183,2-May,H.R.9,On Motion to Recommit with Instructions,F,Climate Action Now Act,2019,116,1
2019:184,184,2-May,H.R.9,On Passage,P,Climate Action Now Act,2019,116,1
2019:185,185,7-May,H.RES.273,On Motion to Suspend the Rules and Agree,P,Reaffirming the United States commitment to Taiwan and to the implementation of the Taiwan Relations Act,2019,116,1
2019:186,186,7-May,H.R.1704,On Motion to Suspend the Rules and Pass,P,Championing American Business Through Diplomacy Act,2019,116,1
2019:187,187,8-May,H.R.1503,"On Motion to Suspend the Rules and Pass, as Amended",P,Orange Book Transparency Act,2019,116,1
2019:188,188,8-May,H.R.1520,"On Motion to Suspend the Rules and Pass, as Amended",P,Purple Book Continuity Act,2019,116,1
2019:189,189,9-May,H.RES.357,On Ordering the Previous Question,P,"Providing for consideration of the bill (H.R. 986) Protecting Americans with Preexisting Conditions Act, and providing for consideration of the bill (H.R. 2157) making supplemental appropriations for fiscal year ending September 30, 2019, and for other purposes",2019,116,1
2019:190,190,9-May,H.RES.357,On Agreeing to the Resolution,P,"Providing for consideration of the bill (H.R. 986) Protecting Americans with Preexisting Conditions Act, and providing for consideration of the bill (H.R. 2157) making supplemental appropriations for fiscal year ending September 30, 2019, and for other purposes",2019,116,1
2019:191,191,9-May,H.R.986,On Agreeing to the Amendment,A,Brown of Maryland Part A Amendment No. 2,2019,116,1
2019:192,192,9-May,H.R.986,On Agreeing to the Amendment,F,Holding of North Carolina Part A Amendment No. 7,2019,116,1
2019:193,193,9-May,H.R.986,On Agreeing to the Amendment,A,Malinowski of New Jersey Part A Amendment No. 11,2019,116,1
2019:194,194,9-May,H.R.986,On Agreeing to the Amendment,A,Wild of Pennsylvania Part A Amendment No. 12,2019,116,1
2019:195,195,9-May,H.R.986,On Motion to Recommit with Instructions,F,Protecting Americans with Preexisting Conditions Act,2019,116,1
2019:196,196,9-May,H.R.986,On Passage,P,Protecting Americans with Preexisting Conditions Act,2019,116,1
2019:197,197,10-May,H.R.2157,On Agreeing to the Amendment,A,Perlmutter of Colorado Part C Amendment No. 1,2019,116,1
2019:198,198,10-May,H.R.2157,On Agreeing to the Amendment,A,Sablan of Northern Mariana Islands Part C Amendment No. 3,2019,116,1
2019:199,199,10-May,H.R.2157,On Agreeing to the Amendment,A,Huffman of California Part C Amendment No. 6,2019,116,1
2019:200,200,10-May,H.R.2157,On Agreeing to the Amendment,A,Fletcher of Texas Part C Amendment No. 8,2019,116,1
2019:201,201,10-May,H.R.2157,On Motion to Recommit with Instructions,F,"Making supplemental appropriations for the fiscal year ending September 30, 2019, and for other purposes",2019,116,1
2019:202,202,10-May,H.R.2157,On Passage,P,"Making supplemental appropriations for the fiscal year ending September 30, 2019, and for other purposes",2019,116,1
2019:203,203,14-May,H.R.299,"On Motion to Suspend the Rules and Pass, as Amended",P,Blue Water Navy Vietnam Veterans Act,2019,116,1
2019:204,204,14-May,H.R.2379,"On Motion to Suspend the Rules and Pass, as Amended",P,To reauthorize the Bulletproof Vest Partnership Grant Program.,2019,116,1
2019:205,205,15-May,H.RES.377,On Ordering the Previous Question,P,"Providing for consideration of the bill (H.R. 5) Equality Act, providing for consideration of the bill (H.R. 312) Mashpee Wampanoag Tribe Reservation Reaffirmation Act, and providing for consideration of (H.R. 987) Strengthening Health Care and Lowering Prescription Drug Costs Act",2019,116,1
2019:206,206,15-May,H.RES.377,On Agreeing to the Resolution,P,"Providing for consideration of the bill (H.R. 5) Equality Act, providing for consideration of the bill (H.R. 312) Mashpee Wampanoag Tribe Reservation Reaffirmation Act, and providing for consideration of (H.R. 987) Strengthening Health Care and Lowering Prescription Drug Costs Act",2019,116,1
2019:207,207,15-May,H.R.312,On Passage,P,Mashpee Wampanoag Tribe Reservation Reaffirmation Act,2019,116,1
2019:208,208,15-May,H.R.375,On Motion to Suspend the Rules and Pass,P,"To amend the Act of June 18, 1934, to reaffirm the authority of the Secretary of the Interior to take land into trust for Indian Tribes, and for other purposes",2019,116,1
2019:209,209,15-May,H.R.1892,On Motion to Suspend the Rules and Pass,P,Quadrennial Homeland Security Review Technical Corrections Act,2019,116,1
2019:210,210,16-May,H.R.987,On Agreeing to the Amendment,F,McKinley of West Virginia Amendment No. 2,2019,116,1
2019:211,211,16-May,H.R.987,On Agreeing to the Amendment,A,Harder of California Amendment No. 6,2019,116,1
2019:212,212,16-May,H.R.987,On Agreeing to the Amendment,A,Wexton of Virginia Amendment No. 21,2019,116,1
2019:213,213,16-May,H.R.987,On Motion to Recommit with Instructions,F,MORE Health Education Act,2019,116,1
2019:214,214,16-May,H.R.987,On Passage,P,MORE Health Education Act,2019,116,1
2019:215,215,17-May,JOURNAL,On Approving the Journal,P, ,2019,116,1
2019:216,216,17-May,H.R.5,On Motion to Recommit with Instructions,F,Equality Act,2019,116,1
2019:217,217,17-May,H.R.5,On Passage,P,Equality Act,2019,116,1
2019:218,218,20-May,H.R.1952,"On Motion to Suspend the Rules and Pass, as Amended",P,Intercountry Adoption Information Act,2019,116,1
2019:219,219,20-May,H.RES.106,On Motion to Suspend the Rules and Agree,P,Denouncing female genital mutilation/cutting as a violation of the human rights of women and girls and urging the international community and the Federal Government to increase efforts to eliminate the harmful practice,2019,116,1
2019:220,220,21-May,H.RES.389,On Ordering the Previous Question,P,"Providing for consideration of the bill (H.R. 1500) Consumers First Act, providing for consideration of the bill (H.R. 1994) Setting Every Community Up for Retirement Enhancement Act, and providing for proceedings during the period from May 24, 2019, through May 31, 2019, and for other purposes.",2019,116,1
2019:221,221,21-May,H.RES.389,On Agreeing to the Resolution,P,"Providing for consideration of the bill (H.R. 1500) Consumers First Act, providing for consideration of the bill (H.R. 1994) Setting Every Community Up for Retirement Enhancement Act, and providing for proceedings during the period from May 24, 2019, through May 31, 2019, and for other purposes.",2019,116,1
2019:222,222,22-May,H.R.1500,On Agreeing to the Amendment,F,Steil of Wisconsin Part A Amendment No. 2,2019,116,1
2019:223,223,22-May,H.R.1500,On Agreeing to the Amendment,F,Burgess of Texas Part A Amendment No. 6,2019,116,1
2019:224,224,22-May,H.R.1500,On Agreeing to the Amendment,F,Burgess of Texas Part A Amendment No. 7,2019,116,1
2019:225,225,22-May,H.R.1500,On Agreeing to the Amendment,A,Stevens of Michigan Part A Amendment No. 14,2019,116,1
2019:226,226,22-May,H.R.1500,On Agreeing to the Amendment,A,Green of Texas Part A Amendment No. 17,2019,116,1
2019:227,227,22-May,H.R.1500,On Motion to Recommit with Instructions,F,Consumers First Act,2019,116,1
2019:228,228,22-May,H.R.1500,On Passage,P,Consumers First Act,2019,116,1
2019:229,229,23-May,JOURNAL,On Approving the Journal,P, ,2019,116,1
2019:230,230,23-May,H.R.1994,On Motion to Recommit with Instructions,F,Setting Every Community Up for Retirement Enhancement Act,2019,116,1
2019:231,231,23-May,H.R.1994,On Passage,P,Setting Every Community Up for Retirement Enhancement Act,2019,116,1
2019:232,232,3-Jun,H.R.2157,On Motion to Suspend the Rules and Concur in the Senate Amendment,P,"Making supplemental appropriations for the fiscal year ending September 30, 2019, and for other purposes",2019,116,1
2019:233,233,3-Jun,H.R.2940,On Motion to Suspend the Rules and Pass,P,"To extend the program of block grants to States for temporary assistance for needy families and related programs through September 30, 2019",2019,116,1
2019:234,234,3-Jun,JOURNAL,On Approving the Journal,P, ,2019,116,1
2019:235,235,4-Jun,H.RES.415,On Ordering the Previous Question,P,"Providing for consideration of the bill (H.R. 6) to authorize the cancellation of removal and adjustment of status of certain aliens, and for other purposes",2019,116,1
2019:236,236,4-Jun,H.RES.415,On Agreeing to the Resolution,P,"Providing for consideration of the bill (H.R. 6) to authorize the cancellation of removal and adjustment of status of certain aliens, and for other purposes",2019,116,1
2019:237,237,4-Jun,JOURNAL,On Approving the Journal,P, ,2019,116,1
2019:238,238,4-Jun,H.RES.393,"On Motion to Suspend the Rules and Agree, as Amended",P,"Remembering the victims of the violent suppression of democracy protests in Tiananmen Square and elsewhere in China on June 3 and 4, 1989, and calling on the Government of the Peoples Republic of China to respect the universally recognized human rights of all people living in China and around the world",2019,116,1
2019:239,239,4-Jun,H.R.6,On Motion to Recommit with Instructions,F,American Dream and Promise Act,2019,116,1
2019:240,240,4-Jun,H.R.6,On Passage,P,American Dream and Promise Act,2019,116,1
2019:241,241,5-Jun,H.R.1921,"On Motion to Suspend the Rules and Pass, as Amended",P,Ocean Acidification Innovation Act,2019,116,1
2019:242,242,10-Jun,H.R.542,On Motion to Suspend the Rules and Pass,P,Supporting Research and Development for First Responders Act,2019,116,1
2019:243,243,10-Jun,H.R.2539,On Motion to Suspend the Rules and Pass,P,Strengthening Local Transportation Security Capabilities Act,2019,116,1
2019:244,244,10-Jun,H.R.2590,"On Motion to Suspend the Rules and Pass, as Amended",P,DHS Overseas Personnel Enhancement Act,2019,116,1
2019:245,245,11-Jun,H.RES.431,On Ordering the Previous Question,P,Providing for consideration of H.R. 2740 and H. Res. 430,2019,116,1
2019:246,246,11-Jun,H.RES.431,On Agreeing to the Resolution,P,Providing for consideration of H.R. 2740 and H. Res. 430,2019,116,1
2019:247,247,11-Jun,H.RES.430,On Agreeing to the Resolution,P,Authorizing the Committee on the Judiciary to initiate or intervene in judicial proceedings to enforce certain subpoenas and for other purposes,2019,116,1
2019:248,248,11-Jun,H.R.2609,On Motion to Suspend the Rules and Pass,P,DHS Acquisition Review Board Act,2019,116,1
2019:249,249,12-Jun,ADJOURN,On Motion to Adjourn,F, ,2019,116,1
2019:250,250,12-Jun,ADJOURN,On Motion to Adjourn,F, ,2019,116,1
2019:251,251,12-Jun,H.R.2740,On Agreeing to the Amendment,A,McGovern of Massachusetts Part B Amendment No. 2,2019,116,1
2019:252,252,12-Jun,H.R.2740,On Agreeing to the Amendment,A,Shalala of Florida Part B Amendment No. 4,2019,116,1
2019:253,253,12-Jun,H.R.2740,On Agreeing to the Amendment,A,DeSaulnier of California Part B Amendment No. 5,2019,116,1
2019:254,254,12-Jun,H.R.2740,On Agreeing to the Amendment,A,DeSaulnier of California Part B Amendment No. 6,2019,116,1
2019:255,255,12-Jun,H.R.2740,On Agreeing to the Amendment,A,DeSaulnier of California Part B Amendment No. 7,2019,116,1
2019:256,256,12-Jun,H.R.2740,On Agreeing to the Amendment,A,DeSaulnier of California Part B Amendment No. 8,2019,116,1
2019:257,257,12-Jun,H.R.2740,On Agreeing to the Amendment,A,Smith of New Jersey Part B Amendment No. 11,2019,116,1
2019:258,258,12-Jun,H.R.2740,On Agreeing to the Amendment,A,Scott of Virginia Part B Amendment No. 12,2019,116,1
2019:259,259,12-Jun,H.R.2740,On Agreeing to the Amendment,A,DeFazio of Oregon Part B Amendment No. 13,2019,116,1
2019:260,260,12-Jun,H.R.2740,On Agreeing to the Amendment,A,Jackson Lee of Texas Part B Amendment No. 14,2019,116,1
2019:261,261,12-Jun,H.R.2740,On Agreeing to the Amendment,A,Jackson Lee of Texas Part B Amendment No. 15,2019,116,1
2019:262,262,12-Jun,H.R.2740,On Agreeing to the Amendment,A,Pascrell of New Jersey Part B Amendment No. 16,2019,116,1
2019:263,263,12-Jun,H.R.2740,On Agreeing to the Amendment,A,Danny K. Davis of Illinois Part B Amendment No. 17,2019,116,1
2019:264,264,12-Jun,H.RES.436,On Ordering the Previous Question,P,"Providing for further consideration of the bill (H.R. 2740) Departments of Labor, Health and Human Services, and Education, and Related Agencies Appropriations Act, 2020",2019,116,1
2019:265,265,12-Jun,H.RES.436,On Agreeing to the Resolution,P,"Providing for further consideration of the bill (H.R. 2740) Departments of Labor, Health and Human Services, and Education, and Related Agencies Appropriations Act, 2020",2019,116,1
2019:266,266,12-Jun,H.R.2740,On Agreeing to the Amendment,F,Cole of Oklahoma Part B Amendment No. 1,2019,116,1
2019:267,267,12-Jun,H.R.2740,On Agreeing to the Amendment,F,Roby of Alabama Part B Amendment No. 9,2019,116,1
2019:268,268,12-Jun,H.R.2740,On Agreeing to the Amendment,A,Buchanan of Florida Part B Amendment No. 18,2019,116,1
2019:269,269,12-Jun,H.R.2740,On Agreeing to the Amendment,A,Langevin of Rhode Island Part B Amendment No. 19,2019,116,1
2019:270,270,12-Jun,H.R.2740,On Agreeing to the Amendment,A,Foster of Illinois Part B Amendment No. 20,2019,116,1
2019:271,271,12-Jun,H.R.2740,On Agreeing to the Amendment,A,Foster of Illinois Part B Amendment No. 21,2019,116,1
2019:272,272,12-Jun,H.R.2740,On Agreeing to the Amendment,A,Foster of Illinois Part B Amendment No. 22,2019,116,1
2019:273,273,12-Jun,H.R.2740,On Agreeing to the Amendment,A,Foster of Illinois Part B Amendment No. 23,2019,116,1
2019:274,274,12-Jun,H.R.2740,On Agreeing to the Amendment,A,Schiff of California Part B Amendment No. 24,2019,116,1
2019:275,275,12-Jun,H.R.2740,On Agreeing to the Amendment,A,McKinley of West Virginia Part B Amendment No. 25,2019,116,1
2019:276,276,12-Jun,H.R.2740,On Agreeing to the Amendment,A,Butterfield of North Carolina Part B Amendment No. 26,2019,116,1
2019:277,277,12-Jun,H.R.2740,On Agreeing to the Amendment,A,Johnson of Ohio Part B Amendment No. 27,2019,116,1
2019:278,278,12-Jun,H.R.2740,On Agreeing to the Amendment,A,Moore of Wisconsin Part B Amendment No. 28,2019,116,1
2019:279,279,13-Jun,H.R.2740,On Agreeing to the Amendment,A,Moore of Wisconsin Part B Amendment No. 29,2019,116,1
2019:280,280,13-Jun,H.R.2740,On Agreeing to the Amendment,A,Matsui of California Part B Amendment No. 32,2019,116,1
2019:281,281,13-Jun,H.R.2740,On Agreeing to the Amendment,A,Barr of Kentucky Part B Amendment No. 33,2019,116,1
2019:282,282,13-Jun,H.R.2740,On Agreeing to the Amendment,A,Cleaver of Missouri Part B Amendment No. 34,2019,116,1
2019:283,283,13-Jun,H.R.2740,On Agreeing to the Amendment,A,Castor of Florida Part B Amendment No. 36,2019,116,1
2019:284,284,13-Jun,H.R.2740,On Agreeing to the Amendment,F,Hill of Arkansas Part B Amendment No. 37,2019,116,1
2019:285,285,13-Jun,H.R.2740,On Agreeing to the Amendment,F,Hill of Arkansas Part B Amendment No. 38,2019,116,1
2019:286,286,13-Jun,H.R.2740,On Agreeing to the Amendment,A,Pressley of Massachusetts Part B Amendment No. 39,2019,116,1
2019:287,287,13-Jun,H.R.2740,On Agreeing to the Amendment,A,Khanna of California Part B Amendment No. 40,2019,116,1
2019:288,288,13-Jun,H.R.2740,On Agreeing to the Amendment,A,Richmond of Louisiana Part B Amendment No. 41,2019,116,1
2019:289,289,13-Jun,H.R.2740,On Agreeing to the Amendment,F,Banks of Indiana Part B Amendment No. 42,2019,116,1
2019:290,290,13-Jun,H.R.2740,On Agreeing to the Amendment,A,Keating of Massachusetts Part B Amendment No. 43,2019,116,1
2019:291,291,13-Jun,H.R.2740,On Agreeing to the Amendment,A,Miller of West Virginia Part B Amendment No. 44,2019,116,1
2019:292,292,13-Jun,H.R.2740,On Agreeing to the Amendment,A,Cicilline of Rhode Island Part B Amendment No. 45,2019,116,1
2019:293,293,13-Jun,H.R.2740,On Agreeing to the Amendment,A,Bera of California Part B Amendment No. 46,2019,116,1
2019:294,294,13-Jun,H.R.2740,On Agreeing to the Amendment,A,Castro of Texas Part B Amendment No. 47,2019,116,1
2019:295,295,13-Jun,H.R.2740,On Agreeing to the Amendment,A,Jeffries of New York Part B Amendment No. 48,2019,116,1
2019:296,296,13-Jun,H.R.2740,On Agreeing to the Amendment,A,Sean Patrick Maloney of New York Part B Amendment No. 49,2019,116,1
2019:297,297,13-Jun,H.R.2740,On Agreeing to the Amendment,A,Adams of North Carolina Part B Amendment No. 50,2019,116,1
2019:298,298,13-Jun,H.R.2740,On Agreeing to the Amendment,A,Adams of North Carolina Part B Amendment No. 51,2019,116,1
2019:299,299,13-Jun,H.R.2740,On Agreeing to the Amendment,A,Beyer of Virginia Part B Amendment No. 52,2019,116,1
2019:300,300,13-Jun,H.R.2740,On Agreeing to the Amendment,A,Beyer of Virginia Part B Amendment No. 53,2019,116,1
2019:301,301,13-Jun,H.R.2740,On Agreeing to the Amendment,A,Blunt Rochester of Delaware Part B Amendment No. 54,2019,116,1
2019:302,302,13-Jun,H.R.2740,On Agreeing to the Amendment,A,Murphy of Florida Part B Amendment No. 56,2019,116,1
2019:303,303,13-Jun,H.R.2740,On Agreeing to the Amendment,A,Ocasio-Cortez of New York Part B Amendment No. 57,2019,116,1
2019:304,304,13-Jun,H.R.2740,On Agreeing to the Amendment,F,Ocasio-Cortez of New York Part B Amendment No. 58,2019,116,1
2019:305,305,13-Jun,H.R.2740,On Agreeing to the Amendment,A,McAdams of Utah Part B Amendment No. 59,2019,116,1
2019:306,306,13-Jun,H.R.2740,On Agreeing to the Amendment,A,Schrier of Washington Part B Amendment No. 60,2019,116,1
2019:307,307,13-Jun,H.R.2740,On Agreeing to the Amendment,A,Lee of Nevada Part B Amendment No. 61,2019,116,1
2019:308,308,13-Jun,H.R.2740,On Agreeing to the Amendment,A,Craig of Minnesota Part B Amendment No. 62,2019,116,1
2019:309,309,13-Jun,H.R.2740,On Agreeing to the Amendment,A,Craig of Minnesota Part B Amendment No. 63,2019,116,1
2019:310,310,13-Jun,H.R.2740,On Agreeing to the Amendment,A,Craig of Minnesota Part B Amendment No. 64,2019,116,1
2019:311,311,13-Jun,H.R.2740,On Agreeing to the Amendment,A,Porter of California Part B Amendment No. 65,2019,116,1
2019:312,312,13-Jun,H.R.2740,On Agreeing to the Amendment,A,Porter of California Part B Amendment No. 66,2019,116,1
2019:313,313,13-Jun,H.R.2740,On Agreeing to the Amendment,A,Porter of California Part B Amendment No. 67,2019,116,1
2019:314,314,13-Jun,H.R.2740,On Agreeing to the Amendment,A,Mucarsel-Powell of Florida Part B Amendment No. 68,2019,116,1
2019:315,315,13-Jun,H.R.2740,On Agreeing to the Amendment,A,Levin of Michigan Part B Amendment No. 70,2019,116,1
2019:316,316,13-Jun,H.R.2740,On Agreeing to the Amendment,A,Pressley of Massachusetts Part B Amendment No. 71,2019,116,1
2019:317,317,13-Jun,H.R.2740,On Agreeing to the Amendment,A,Spanberger of Virginia Part B Amendment No. 74,2019,116,1
2019:318,318,13-Jun,H.R.2740,On Agreeing to the Amendment,A,Delgado of New York Part B Amendment No. 75,2019,116,1
2019:319,319,13-Jun,H.R.2740,On Agreeing to the Amendment,A,Crow of Colorado Part B Amendment No. 76,2019,116,1
2019:320,320,13-Jun,H.R.2740,On Agreeing to the Amendment,A,Houlahan of Pennsylvania Part B Amendment No. 77,2019,116,1
2019:321,321,13-Jun,H.R.2740,On Agreeing to the Amendment,A,Pocan of Wisconsin Part B Amendment No. 1,2019,116,1
2019:322,322,13-Jun,H.R.2740,On Agreeing to the Amendment,A,Pascrell of New Jersey Part B Amendment No. 2,2019,116,1
2019:323,323,18-Jun,H.R.2740,On Motion that the Committee Rise,P,"Making appropriations for the Departments of Labor, Health and Human Services, and Education, and related agencies for the fiscal year ending September 30, 2020, and for other purposes",2019,116,1
2019:324,324,18-Jun,H.R.2740,On Agreeing to the Amendment,F,Lesko of Arizona Part B Amendment No. 78,2019,116,1
2019:325,325,18-Jun,H.R.2740,On Agreeing to the Amendment,A,Jackson Lee of Texas Part B Amendment No. 79,2019,116,1
2019:326,326,18-Jun,H.R.2740,On Agreeing to the Amendment,A,Jackson Lee of Texas Part B Amendment No. 80,2019,116,1
2019:327,327,18-Jun,H.R.2740,On Agreeing to the Amendment,F,Gosar of Arizona Part B Amendment No. 81,2019,116,1
2019:328,328,18-Jun,H.R.2740,On Agreeing to the Amendment,A,Grijalva of Arizona Part B Amendment No. 82,2019,116,1
2019:329,329,18-Jun,H.R.2740,On Agreeing to the Amendment,F,Gosar of Arizona Part B Amendment No. 83,2019,116,1
2019:330,330,18-Jun,H.R.2740,On Agreeing to the Amendment,A,Speier of California Part B Amendment No. 84,2019,116,1
2019:331,331,18-Jun,H.R.2740,On Agreeing to the Amendment,A,Meadows of North Carolina Part B Amendment No. 85,2019,116,1
2019:332,332,18-Jun,H.R.2740,On Agreeing to the Amendment,A,Lowey of New York Part B Amendment En Bloc No. 1,2019,116,1
2019:333,333,18-Jun,H.R.3253,"On Motion to Suspend the Rules and Pass, as Amended",P,"Empowering Beneficiaries, Ensuring Access, and Strengthening Accountability Act",2019,116,1
2019:334,334,18-Jun,H.R.2740,On Agreeing to the Amendment,F,Grothman of Wisconsin Part B Amendment No. 87,2019,116,1
2019:335,335,18-Jun,H.R.2740,On Agreeing to the Amendment,F,Walker of North Carolina Part B Amendment No. 89,2019,116,1
2019:336,336,18-Jun,H.R.2740,On Agreeing to the Amendment,F,Palmer of Alabama Part B Amendment No. 91,2019,116,1
2019:337,337,18-Jun,H.R.2740,On Agreeing to the Amendment,F,Arrington of Texas Part B Amendment No. 94,2019,116,1
2019:338,338,18-Jun,H.R.2740,On Agreeing to the Amendment,F,Banks of Indiana Part B Amendment No. 98,2019,116,1
2019:339,339,18-Jun,H.R.2740,On Agreeing to the Amendment,A,Lowey of New York Part A Amendment En Bloc No. 1,2019,116,1
2019:340,340,18-Jun,H.R.2740,On Agreeing to the Amendment,F,Allen of Georgia Part A Amendment No. 2,2019,116,1
2019:341,341,18-Jun,H.R.2740,On Agreeing to the Amendment,A,Visclosky of Indiana Part A Amendment En Bloc No. 2,2019,116,1
2019:342,342,18-Jun,H.R.2740,On Agreeing to the Amendment,A,Langevin of Rhode Island Part A Amendment No. 13,2019,116,1
2019:343,343,18-Jun,H.R.2740,On Agreeing to the Amendment,A,Langevin of Rhode Island Part A Amendment No. 15,2019,116,1
2019:344,344,18-Jun,H.R.2740,On Agreeing to the Amendment,A,Brown of Maryland Part A Amendment No. 21,2019,116,1
2019:345,345,18-Jun,H.R.2740,On Agreeing to the Amendment,F,Amash of Michigan Part A Amendment No. 24,2019,116,1
2019:346,346,18-Jun,H.R.2740,On Agreeing to the Amendment,A,"Kuster of New Hampshire Part A Amendment No. 34, as modified",2019,116,1
2019:347,347,18-Jun,H.R.2740,On Agreeing to the Amendment,A,Visclosky of Indiana Part A Amendment No. 38,2019,116,1
2019:348,348,18-Jun,H.R.2740,On Agreeing to the Amendment,A,Visclosky of Indiana Part A Amendment No. 40,2019,116,1
2019:349,349,18-Jun,H.R.2740,On Agreeing to the Amendment,A,Ted Lieu of California Part A Amendment No. 44,2019,116,1
2019:350,350,18-Jun,H.R.2740,On Agreeing to the Amendment,F,Gallagher of Wisconsin Part A Amendment No. 45,2019,116,1
2019:351,351,18-Jun,H.R.2740,On Agreeing to the Amendment,F,Gallagher of Wisconsin Part A Amendment No. 47,2019,116,1
2019:352,352,18-Jun,H.R.2740,On Agreeing to the Amendment,A,Blunt Rochester of Delaware Part A Amendment No. 50,2019,116,1
2019:353,353,18-Jun,H.R.2740,On Agreeing to the Amendment,F,Jayapal of Washington Part A Amendment No. 51,2019,116,1
2019:354,354,18-Jun,H.R.2740,On Agreeing to the Amendment,A,Crow of Colorado Part A Amendment No. 59,2019,116,1
2019:355,355,18-Jun,H.R.2740,On Agreeing to the Amendment,A,Cox of California Part A Amendment No. 61,2019,116,1
2019:356,356,19-Jun,H.RES.445,On Ordering the Previous Question,P,"Providing for consideration of H.R. 3055, relating to consideration of H.R. 2740, and providing for proceedings during the period from June 28, 2019, through July 8, 2019",2019,116,1
2019:357,357,19-Jun,H.RES.445,On Agreeing to the Resolution,P,"Providing for consideration of H.R. 3055, relating to consideration of H.R. 2740, and providing for proceedings during the period from June 28, 2019, through July 8, 2019",2019,116,1
2019:358,358,19-Jun,H.R.2740,On Agreeing to the Amendment,F,Burgess of Texas Part A Amendment No. 63,2019,116,1
2019:359,359,19-Jun,H.R.2740,On Agreeing to the Amendment,F,Burgess of Texas Part A Amendment No. 64,2019,116,1
2019:360,360,19-Jun,H.R.2740,On Agreeing to the Amendment,A,Kaptur of Ohio Part A Amendment En Bloc No. 3,2019,116,1
2019:361,361,19-Jun,H.R.2740,On Agreeing to the Amendment,A,Kaptur of Ohio Part A Amendment En Bloc No. 4,2019,116,1
2019:362,362,19-Jun,H.R.2740,On Agreeing to the Amendment,F,Mullin of Oklahoma Part A Amendment No. 89,2019,116,1
2019:363,363,19-Jun,H.R.2740,On Agreeing to the Amendment,A,Huffman of California Part A Amendment No. 90,2019,116,1
2019:364,364,19-Jun,H.R.2740,On Agreeing to the Amendment,F,Graves of Louisiana Part A Amendment No. 91,2019,116,1
2019:365,365,19-Jun,H.R.2740,On Agreeing to the Amendment,F,Banks of Indiana Part A Amendment No. 97,2019,116,1
2019:366,366,19-Jun,H.R.2740,On Motion to Recommit,F,"Making appropriations for the Departments of Labor, Health and Human Services, and Education, and related agencies for the fiscal year ending September 30, 2020, and for other purposes",2019,116,1
2019:367,367,19-Jun,H.R.2740,On Passage,P,"Making appropriations for the Departments of Labor, Health and Human Services, and Education, and related agencies for the fiscal year ending September 30, 2020, and for other purposes",2019,116,1
2019:368,368,20-Jun,H.R.3055,On Agreeing to the Amendment,F,Rutherford of Florida Part B Amendment No. 3,2019,116,1
2019:369,369,20-Jun,H.R.3055,On Agreeing to the Amendment,F,King of Iowa Part B Amendment No. 9,2019,116,1
2019:370,370,20-Jun,H.R.3055,On Agreeing to the Amendment,A,Blumenauer of Oregon Part B Amendment No. 17,2019,116,1
2019:371,371,20-Jun,H.R.3055,On Agreeing to the Amendment,F,Banks of Indiana Part B Amendment No. 36,2019,116,1
2019:372,372,20-Jun,H.R.3055,On Agreeing to the Amendment,F,Golden of Maine Part B Amendment No. 70,2019,116,1
2019:373,373,20-Jun,H.R.3055,On Agreeing to the Amendment,A,Stevens of Michigan Part B Amendment No. 85,2019,116,1
2019:374,374,20-Jun,H.R.3055,On Agreeing to the Amendment,A,Underwood of Illinois Part B Amendment No. 89,2019,116,1
2019:375,375,20-Jun,H.R.3055,On Agreeing to the Amendment,F,Banks of Indiana Part B Amendment No. 99,2019,116,1
2019:376,376,20-Jun,H.R.3055,On Agreeing to the Amendment,A,Pence of Indiana Part B Amendment No. 105,2019,116,1
2019:377,377,20-Jun,H.R.3055,On Agreeing to the Amendment,A,Spanberger of Virginia Part B Amendment No. 114,2019,116,1
2019:378,378,20-Jun,H.R.3055,On Agreeing to the Amendment,A,Wasserman Schultz of Florida Part B Amendment No. 128,2019,116,1
2019:379,379,20-Jun,H.R.3055,On Agreeing to the Amendment,A,Pallone of New Jersey Part B Amendment No. 132,2019,116,1
2019:380,380,20-Jun,H.R.3055,On Agreeing to the Amendment,A,Buchanan of Florida Part B Amendment No. 133,2019,116,1
2019:381,381,20-Jun,H.R.3055,On Agreeing to the Amendment,F,Duncan of South Carolina Part B Amendment No. 135,2019,116,1
2019:382,382,20-Jun,H.R.3055,On Agreeing to the Amendment,A,Blumenauer of Oregon Part B Amendment No. 136,2019,116,1
2019:383,383,20-Jun,H.R.3055,On Agreeing to the Amendment,F,Gosar of Arizona Part B Amendment No. 139,2019,116,1
2019:384,384,20-Jun,H.R.3055,On Agreeing to the Amendment,F,Duncan of South Carolina Part B Amendment No. 143,2019,116,1
2019:385,385,20-Jun,H.R.3055,On Agreeing to the Amendment,F,Mullin of Oklahoma Part B Amendment No. 147,2019,116,1
2019:386,386,20-Jun,H.R.3055,On Agreeing to the Amendment,F,Mullin of Oklahoma Part B Amendment No. 148,2019,116,1
2019:387,387,20-Jun,H.R.3055,On Agreeing to the Amendment,F,Graves of Louisiana Part B Amendment No. 158,2019,116,1
2019:388,388,20-Jun,H.R.3055,On Agreeing to the Amendment,F,Hice of Georgia Part B Amendment No. 161,2019,116,1
2019:389,389,20-Jun,H.R.3055,On Agreeing to the Amendment,F,Banks of Indiana Part B Amendment No. 163,2019,116,1
2019:390,390,20-Jun,H.R.3055,On Agreeing to the Amendment,F,Biggs of Arizona Part B Amendment No. 165,2019,116,1
2019:391,391,20-Jun,H.R.3055,On Agreeing to the Amendment,A,Cunningham of South Carolina Part B Amendment No. 167,2019,116,1
2019:392,392,20-Jun,H.R.3055,On Agreeing to the Amendment,A,Cunningham of South Carolina Part B Amendment No. 168,2019,116,1
2019:393,393,20-Jun,H.R.3055,On Agreeing to the Amendment,A,Carbajal of California Part B Amendment No. 176,2019,116,1
2019:394,394,20-Jun,H.R.3055,On Agreeing to the Amendment,A,Hill of California Part B Amendment No. 187,2019,116,1
2019:395,395,20-Jun,H.R.3055,On Agreeing to the Amendment,A,Schrier of Washington Part B Amendment No. 190,2019,116,1
2019:396,396,21-Jun,H.R.3055,On Agreeing to the Amendment,A,Bost of Illinois Part B Amendment No. 206,2019,116,1
2019:397,397,21-Jun,H.R.3055,On Agreeing to the Amendment,A,Golden of Maine Part B Amendment No. 220,2019,116,1
2019:398,398,21-Jun,H.R.3055,On Agreeing to the Amendment,A,McAdams of Utah Part B Amendment No. 221,2019,116,1
2019:399,399,24-Jun,H.R.3055,On Agreeing to the Amendment,A,DeFazio of Oregon Part B Amendment No. 233,2019,116,1
2019:400,400,24-Jun,H.R.3055,On Agreeing to the Amendment,F,Duncan of South Carolina Part B Amendment No. 234,2019,116,1
2019:401,401,24-Jun,H.R.3055,On Agreeing to the Amendment,F,Duncan of South Carolina Part B Amendment No. 235,2019,116,1
2019:402,402,24-Jun,H.R.3055,On Agreeing to the Amendment,F,Grothman of Wisconsin Part B Amendment No. 244,2019,116,1
2019:403,403,25-Jun,H.RES.460,On Ordering the Previous Question,P,"Providing for consideration of H.R. 2722, waiving a requirement of clause 6(a) of rule XIII with respect to consideration of certain resolutions reported from the Committee on Rules, and providing for consideration of H.R. 3351",2019,116,1
2019:404,404,25-Jun,H.RES.460,On Agreeing to the Resolution,P,"Providing for consideration of H.R. 2722, waiving a requirement of clause 6(a) of rule XIII with respect to consideration of certain resolutions reported from the Committee on Rules, and providing for consideration of H.R. 3351",2019,116,1
2019:405,405,25-Jun,H.R.3055,On Agreeing to the Amendment,F,Banks of Indiana Part B Amendment No. 251,2019,116,1
2019:406,406,25-Jun,H.R.3055,On Agreeing to the Amendment,A,Jayapal of Washington Part B Amendment No. 268,2019,116,1
2019:407,407,25-Jun,H.R.3055,On Motion to Recommit with Instructions,F,"Making appropriations for the Departments of Commerce and Justice, Science, and Related Agencies for the fiscal year ending September 30, 2020, and for other purposes",2019,116,1
2019:408,408,25-Jun,H.R.3055,On Passage,P,"Making appropriations for the Departments of Commerce and Justice, Science, and Related Agencies for the fiscal year ending September 30, 2020, and for other purposes",2019,116,1
2019:409,409,25-Jun,H.RES.462,On Ordering the Previous Question,P,"Providing for consideration of the bill (H.R. 3401) making emergency supplemental appropriations for the fiscal year ending September 30, 2019, and for other purposes",2019,116,1
2019:410,410,25-Jun,H.RES.462,On Agreeing to the Resolution,P,"Providing for consideration of the bill (H.R. 3401) making emergency supplemental appropriations for the fiscal year ending September 30, 2019, and for other purposes",2019,116,1
2019:411,411,25-Jun,H.R.3351,On Agreeing to the Amendment,F,King of Iowa Part B Amendment No. 3,2019,116,1
2019:412,412,25-Jun,H.R.3351,On Agreeing to the Amendment,A,Norton of District of Columbia Part B Amendment No. 4,2019,116,1
2019:413,413,25-Jun,H.R.3401,On Motion to Recommit with Instructions,F,"Making emergency supplemental appropriations for the fiscal year ending September 30, 2019, and for other purposes",2019,116,1
2019:414,414,25-Jun,H.R.3401,On Passage,P,"Making emergency supplemental appropriations for the fiscal year ending September 30, 2019, and for other purposes",2019,116,1
2019:415,415,26-Jun,H.R.3351,On Agreeing to the Amendment,F,Grothman of Wisconsin Part B Amendment No. 13,2019,116,1
2019:416,416,26-Jun,H.R.3351,On Agreeing to the Amendment,A,Quigley of Illinois Part B Amendment En Bloc No. 2,2019,116,1
2019:417,417,26-Jun,H.R.3351,On Agreeing to the Amendment,F,Banks of Indiana Part B Amendment No. 19,2019,116,1
2019:418,418,26-Jun,H.R.3351,On Agreeing to the Amendment,A,Suozzi of New York Part B Amendment No. 26,2019,116,1
2019:419,419,26-Jun,H.R.3351,On Agreeing to the Amendment,A,Lee of Nevada Part B Amendment No. 27,2019,116,1
2019:420,420,26-Jun,H.R.3351,On Agreeing to the Amendment,A,Dean of Pennsylvania Part B Amendment No. 32,2019,116,1
2019:421,421,26-Jun,H.R.3351,On Agreeing to the Amendment,A,Kim of New Jersey Part B Amendment No. 35,2019,116,1
2019:422,422,26-Jun,H.R.3351,On Agreeing to the Amendment,A,Malinowski of New Jersey Part B Amendment No. 40,2019,116,1
2019:423,423,26-Jun,H.R.3351,On Motion to Recommit with Instructions,P,"Making appropriations for financial services and general government for the fiscal year ending September 30, 2020, and for other purposes",2019,116,1
2019:424,424,26-Jun,H.R.3351,On Passage,P,"Making appropriations for financial services and general government for the fiscal year ending September 30, 2020, and for other purposes",2019,116,1
2019:425,425,27-Jun,H.RES.466,On Consideration of the Resolution,P,"Providing for consideration of the Senate amendment to the bill (H.R. 3401) making emergency supplemental appropriations for the fiscal year ending September 30, 2019, and for other purposes",2019,116,1
2019:426,426,27-Jun,H.RES.466,On Agreeing to the Resolution,P,"Providing for consideration of the Senate amendment to the bill (H.R. 3401) making emergency supplemental appropriations for the fiscal year ending September 30, 2019, and for other purposes",2019,116,1
2019:427,427,27-Jun,H.R.2722,On Motion to Recommit with Instructions,F,SAFE Act,2019,116,1
2019:428,428,27-Jun,H.R.2722,On Passage,P,SAFE Act,2019,116,1
2019:429,429,27-Jun,H.R.3401,On Motion to Concur in the Senate Amendment,P,"Making emergency supplemental appropriations for the fiscal year ending September 30, 2019, and for other purposes",2019,116,1
2019:430,430,27-Jun,JOURNAL,On Approving the Journal,P, ,2019,116,1
2019:431,431,9-Jul,H.R.2515,"On Motion to Suspend the Rules and Pass, as Amended",P,Whistleblower Protection Reform Act,2019,116,1
2019:432,432,9-Jul,H.R.3050,"On Motion to Suspend the Rules and Pass, as Amended",P,Expanding Investment in Small Businesses Act,2019,116,1
2019:433,433,9-Jul,H.R.2409,On Motion to Suspend the Rules and Pass,P,Expanding Access to Capital for Rural Job Creators Act,2019,116,1
2019:434,434,10-Jul,H.RES.476,On Ordering the Previous Question on the Amendment and the Resolution,P,"Providing for consideration of H.R. 2500, the National Defense Authorization Act for Fiscal Year 2020, and providing for consideration of motions to suspend the rules",2019,116,1
2019:435,435,10-Jul,H.RES.476,On Agreeing to the Amendment,A,McGovern of Massachusetts Amendment,2019,116,1
2019:436,436,10-Jul,H.RES.476,On Agreeing to the Resolution,P,"Providing for consideration of H.R. 2500, the National Defense Authorization Act for Fiscal Year 2020, and providing for consideration of motions to suspend the rules",2019,116,1
2019:437,437,10-Jul,H.R.1044,"On Motion to Suspend the Rules and Pass, as Amended",P,Fairness for High-Skilled Immigrants Act,2019,116,1
2019:438,438,11-Jul,H.R.2500,On Agreeing to the Amendment,A,Smith of Washington Part B Amendment No. 1,2019,116,1
2019:439,439,11-Jul,H.R.2500,On Agreeing to the Amendment,A,Speier of California Part B Amendment No. 3,2019,116,1
2019:440,440,11-Jul,H.R.2500,On Agreeing to the Amendment,A,Speier of California Part B Amendment No. 6,2019,116,1
2019:441,441,11-Jul,H.R.2500,On Agreeing to the Amendment,A,Brindisi of New York Part B Amendment No. 9,2019,116,1
2019:442,442,11-Jul,H.R.2500,On Agreeing to the Amendment,A,Torres of California Part B Amendment No. 10,2019,116,1
2019:443,443,11-Jul,H.R.2500,On Agreeing to the Amendment,A,Connolly of Virginia Part B Amendment No. 11,2019,116,1
2019:444,444,11-Jul,H.R.2500,On Agreeing to the Amendment,A,Shalala of Florida Part B Amendment No. 14,2019,116,1
2019:445,445,11-Jul,H.R.2500,On Agreeing to the Amendment,A,Omar of Minnesota Part B Amendment No. 17,2019,116,1
2019:446,446,11-Jul,H.R.2500,On Agreeing to the Amendment,A,Smith of Washington Part B Amendment No. 19,2019,116,1
2019:447,447,11-Jul,H.R.2500,On Agreeing to the Amendment,A,Sherman of California Part B Amendment No. 21,2019,116,1
2019:448,448,11-Jul,H.R.2500,On Agreeing to the Amendment,A,Lieu of California Part B Amendment No. 23,2019,116,1
2019:449,449,11-Jul,H.R.2500,On Agreeing to the Amendment,A,Lieu of California Part B Amendment No. 24,2019,116,1
2019:450,450,11-Jul,H.R.2500,On Agreeing to the Amendment,A,Smith of Washington Part B Amendment No. 26,2019,116,1
2019:451,451,11-Jul,H.R.2500,On Agreeing to the Amendment,A,Cicilline of Rhode Island Part B Amendment No. 27,2019,116,1
2019:452,452,11-Jul,H.R.2500,On Agreeing to the Amendment,A,Engel of New York Part B Amendment No. 29,2019,116,1
2019:453,453,11-Jul,H.R.2500,On Agreeing to the Amendment,A,Engel of New York Part B Amendment No. 31,2019,116,1
2019:454,454,11-Jul,H.R.2500,On Agreeing to the Amendment,F,Blumenauer of Oregon Part B Amendment No. 32,2019,116,1
2019:455,455,11-Jul,H.R.2500,On Agreeing to the Amendment,F,Blumenauer of Oregon Part B Amendment No. 33,2019,116,1
2019:456,456,11-Jul,H.R.2500,On Agreeing to the Amendment,A,Frankel of Florida Part B Amendment No. 34,2019,116,1
2019:457,457,11-Jul,H.R.2500,On Agreeing to the Amendment,A,Ted Lieu of California Part B Amendment No. 44,2019,116,1
2019:458,458,11-Jul,H.R.2500,On Agreeing to the Amendment,A,Raskin of Maryland Part B Amendment No. 45,2019,116,1
2019:459,459,12-Jul,H.R.2500,On Agreeing to the Amendment,F,Lee of California Part B Amendment No. 49,2019,116,1
2019:460,460,12-Jul,H.R.2500,On Agreeing to the Amendment,F,Amash of Michigan Part B Amendment No. 50,2019,116,1
2019:461,461,12-Jul,H.R.2500,On Agreeing to the Amendment,A,Tipton of Colorado Part B Amendment No. 375,2019,116,1
2019:462,462,12-Jul,H.R.2500,On Agreeing to the Amendment,F,Turner of Ohio Part B Amendment No. 386,2019,116,1
2019:463,463,12-Jul,H.R.2500,On Agreeing to the Amendment,A,Khanna of California Part B Amendment No. 423,2019,116,1
2019:464,464,12-Jul,H.R.2500,On Agreeing to the Amendment,A,Lee of California Part B Amendment No. 424,2019,116,1
2019:465,465,12-Jul,H.R.2500,On Agreeing to the Amendment,A,Lee of California Part B Amendment No. 425,2019,116,1
2019:466,466,12-Jul,H.R.2500,On Agreeing to the Amendment,F,Garcia of Texas Part B Amendment No. 428,2019,116,1
2019:467,467,12-Jul,H.R.2500,On Agreeing to the Amendment,F,Ocasio-Cortez of New York Part B Amendment No. 429,2019,116,1
2019:468,468,12-Jul,H.R.2500,On Agreeing to the Amendment,F,Ocasio-Cortez of New York Part B Amendment No. 430,2019,116,1
2019:469,469,12-Jul,H.R.2500,On Agreeing to the Amendment,A,Thompson of Mississippi Part B Amendment No. 437,2019,116,1
2019:470,470,12-Jul,H.R.2500,On Agreeing to the Amendment,A,Malinowski of New Jersey Part B Amendment No. 438,2019,116,1
2019:471,471,12-Jul,H.R.2500,On Agreeing to the Amendment,A,Jayapal of Washington Part B Amendment No. 441,2019,116,1
2019:472,472,12-Jul,H.R.2500,On Motion to Recommit with Instructions,F,National Defense Authorization Act for Fiscal Year 2020,2019,116,1
2019:473,473,12-Jul,H.R.2500,On Passage,P,National Defense Authorization Act for Fiscal Year 2020,2019,116,1
2019:474,474,12-Jul,H.R.1327,"On Motion to Suspend the Rules and Pass, as Amended",P,"Never Forget the Heroes: James Zadroga, Ray Pfeifer, and Luis Alvarez Permanent Authorization of the September 11th Victim Compensation Fund Act",2019,116,1
2019:475,475,15-Jul,H.R.2744,On Motion to Suspend the Rules and Pass,P,USAID Branding Modernization Act,2019,116,1
2019:476,476,15-Jul,H.RES.432,"On Motion to Suspend the Rules and Agree, as Amended",P,Condemning the attacks on peaceful protesters and supporting an immediate peaceful transition to a civilian-led democratic government in Sudan,2019,116,1
2019:477,477,15-Jul,H.R.2037,"On Motion to Suspend the Rules and Pass, as Amended",P,Saudi Arabia Human Rights and Accountability Act,2019,116,1
2019:478,478,16-Jul,H.RES.491,On Ordering the Previous Question,P,"Providing for consideration of H.R. 3494, relating to the consideration of House Report 116-125 and an accompanying resolution, relating to the consideration of measures disapproving of sales, exports, or approvals pursuant to the Arms Export Control Act, and providing for consideration of H. Res. 489",2019,116,1
2019:479,479,16-Jul,H.RES.491,On Agreeing to the Resolution,P,"Providing for consideration of H.R. 3494, relating to the consideration of House Report 116-125 and an accompanying resolution, relating to the consideration of measures disapproving of sales, exports, or approvals pursuant to the Arms Export Control Act, and providing for consideration of H. Res. 489",2019,116,1
2019:480,480,16-Jul,H.RES.489,On Motion to Strike Words from the Record,F,Condemning President Trumps racist comments directed at Members of Congress,2019,116,1
2019:481,481,16-Jul,H.RES.489,On Motion to Proceed in Order,P,Condemning President Trumps racist comments directed at Members of Congress,2019,116,1
2019:482,482,16-Jul,H.RES.489,On Agreeing to the Resolution,P,Condemning President Trumps racist comments directed at Members of Congress,2019,116,1
2019:483,483,17-Jul,H.RES.498,On Motion to Table,P,"Impeaching Donald John Trump, President of the United States, of high misdemeanors",2019,116,1
2019:484,484,17-Jul,H.RES.492,On Ordering the Previous Question,P,"Providing for consideration of the bill (H.R. 582) to provide for increases in the Federal minimum wage, and for other purposes",2019,116,1
2019:485,485,17-Jul,H.RES.492,On Agreeing to the Resolution,P,"Providing for consideration of the bill (H.R. 582) to provide for increases in the Federal minimum wage, and for other purposes",2019,116,1
2019:486,486,17-Jul,S.J.RES.36,On Passage,P,"Providing for congressional disapproval of the proposed transfer to the Kingdom of Saudi Arabia, the United Kingdom of Great Britain, and Northern Ireland, the Kingdom of Spain, and the Italian Republic of certain defense articles and services",2019,116,1
2019:487,487,17-Jul,S.J.RES.37,On Passage,P,"Providing for congressional disapproval of the proposed export to the United Arab Emirates, the United Kingdom of Great Britain and Northern Ireland, and the Republic of France of certain defense articles and services",2019,116,1
2019:488,488,17-Jul,S.J.RES.38,On Passage,P,Providing for congressional disapproval of the proposed export to the Kingdom of Saudi Arabia and the United Kingdom of Great Britain and Northern Ireland of certain defense articles and services,2019,116,1
2019:489,489,17-Jul,H.RES.497,On Agreeing to the Resolution,P,"Recommending that the House of Representatives find William P. Barr, Attorney General of the United States, and Wilbur L. Ross, Jr., Secretary of Commerce, In Contempt of Congress for Refusal to Comply with Subpoenas Duly Issued by the Committee on Oversight and Reform",2019,116,1
2019:490,490,17-Jul,H.R.3494,On Agreeing to the Amendment,F,Chabot of Ohio Part B Amendment No. 7,2019,116,1
2019:491,491,17-Jul,H.R.3494,On Agreeing to the Amendment,A,Kennedy of Massachusetts Part B Amendment No. 11,2019,116,1
2019:492,492,17-Jul,H.R.3494,On Passage,P,"To authorize appropriations for fiscal year 2020 for intelligence and intelligence-related activities of the United States Government, the Community Management Account, and the Central Intelligence Agency Retirement and Disability System, and for other purposes",2019,116,1
2019:493,493,17-Jul,H.R.748,"On Motion to Suspend the Rules and Pass, as Amended",P,Middle Class Health Benefits Tax Repeal Act,2019,116,1
2019:494,494,18-Jul,H.R.582,On Agreeing to the Amendment,A,OHalleran of Arizona Part B Amendment No. 1,2019,116,1
2019:495,495,18-Jul,H.R.582,On Motion to Recommit with Instructions,F,Raise the Wage Act,2019,116,1
2019:496,496,18-Jul,H.R.582,On Passage,P,Raise the Wage Act,2019,116,1
2019:497,497,23-Jul,H.RES.246,"On Motion to Suspend the Rules and Agree, as Amended",P,"Opposing efforts to delegitimize the State of Israel and the Global Boycott, Divestment, and Sanctions Movement targeting Israel",2019,116,1
2019:498,498,23-Jul,H.R.549,"On Motion to Suspend the Rules and Pass, as Amended",F,Venezuela TPS Act,2019,116,1
2019:499,499,23-Jul,H.R.3304,"On Motion to Suspend the Rules and Pass, as Amended",P,"To exempt for an additional 4-year period, from the application of the means-test presumption of abuse under chapter 7, qualifying members of reserve components of the Armed Forces and members of the National Guard who, after September 11, 2001, are called to active duty or to perform a homeland defense activity",2019,116,1
2019:500,500,24-Jul,H.RES.509,On Ordering the Previous Question,P,"Providing for consideration of the bill (H.R. 397) Rehabilitation for Multiemployer Pensions Act of 2019; providing for consideration of the bill (H.R. 3239) Humanitarian Standards for Individuals in Customs and Border Protection Custody Act; and providing for proceedings from July 29, 2019 through September 6, 2019",2019,116,1
2019:501,501,24-Jul,H.RES.509,On Agreeing to the Resolution,P,"Providing for consideration of the bill (H.R. 397) Rehabilitation for Multiemployer Pensions Act of 2019; providing for consideration of the bill (H.R. 3239) Humanitarian Standards for Individuals in Customs and Border Protection Custody Act; and providing for proceedings from July 29, 2019 through September 6, 2019",2019,116,1
2019:502,502,24-Jul,H.R.3375,"On Motion to Suspend the Rules and Pass, as Amended",P,Stopping Bad Robocalls Act,2019,116,1
2019:503,503,24-Jul,H.R.397,On Agreeing to the Amendment,F,Roe of Tennessee Part A Amendment No. 1,2019,116,1
2019:504,504,24-Jul,H.R.397,On Motion to Recommit with Instructions,F,Rehabilitation for Multiemployer Pensions Act,2019,116,1
2019:505,505,24-Jul,H.R.397,On Passage,P,Rehabilitation for Multiemployer Pensions Act,2019,116,1
2019:506,506,24-Jul,H.R.3239,On Motion to Recommit with Instructions,P,Humanitarian Standards for Individuals in Customs and Border Protection Custody Act,2019,116,1
2019:507,507,24-Jul,H.R.3239,On Passage,P,Humanitarian Standards for Individuals in Customs and Border Protection Custody Act,2019,116,1
2019:508,508,25-Jul,H.RES.519,On Ordering the Previous Question,P,Providing for consideration of the bill (H.R. 3877) the Bipartisan Budget Act of 2019; providing for consideration of the bill (H.R. 549) the Venezuela TPS Act of 2019; and waiving a requirement of clause 6(a) of Rule XIII with respect to consideration of certain resolutions reported from the Committee on Rules,2019,116,1
2019:509,509,25-Jul,H.RES.519,On Agreeing to the Resolution,P,Providing for consideration of the bill (H.R. 3877) the Bipartisan Budget Act of 2019; providing for consideration of the bill (H.R. 549) the Venezuela TPS Act of 2019; and waiving a requirement of clause 6(a) of Rule XIII with respect to consideration of certain resolutions reported from the Committee on Rules,2019,116,1
2019:510,510,25-Jul,H.R.693,"On Motion to Suspend the Rules and Pass, as Amended",P,PAST Act,2019,116,1
2019:511,511,25-Jul,H.R.3877,On Passage,P,Bipartisan Budget Act,2019,116,1
2019:512,512,25-Jul,H.R.3877,On Agreeing to the Massie of Kentucky Amendment to the Title,F,Bipartisan Budget Act,2019,116,1
2019:513,513,25-Jul,H.R.549,On Motion to Recommit with Instructions,F,Venezuela TPS Act,2019,116,1
2019:514,514,25-Jul,H.R.549,On Passage,P,Venezuela TPS Act,2019,116,1
2019:515,515,9-Sep,H.R.1420,"On Motion to Suspend the Rules and Pass, as Amended",P,Energy Efficient Government Technology Act,2019,116,1
2019:516,516,9-Sep,H.R.1768,On Motion to Suspend the Rules and Pass,P,Diesel Emissions Reduction Act,2019,116,1
2019:517,517,10-Sep,H.RES.548,On Ordering the Previous Question,P,Providing for consideration of the bill (H.R. 205) Protecting and Securing Floridas Coastline Act; providing for consideration of the bill (H.R. 1146) Arctic Cultural and Coastal Plain Protection Act; and providing for consideration of the bill (H.R. 1941) Coastal and Marine Economies Protection Act,2019,116,1
2019:518,518,10-Sep,H.RES.548,On Agreeing to the Resolution,P,Providing for consideration of the bill (H.R. 205) Protecting and Securing Floridas Coastline Act; providing for consideration of the bill (H.R. 1146) Arctic Cultural and Coastal Plain Protection Act; and providing for consideration of the bill (H.R. 1941) Coastal and Marine Economies Protection Act,2019,116,1
2019:519,519,10-Sep,H.R.2852,"On Motion to Suspend the Rules and Pass, as Amended",P,Homebuyer Assistance Act,2019,116,1
2019:520,520,11-Sep,H.R.205,On Agreeing to the Amendment,F,"Gosar of Arizona Part B Amendment No. 3, as Modified",2019,116,1
2019:521,521,11-Sep,H.R.205,On Passage,P,Protecting and Securing Floridas Coastline Act of 2019,2019,116,1
2019:522,522,11-Sep,H.R.1941,On Agreeing to the Amendment,F,Gosar of Arizona Part F Amendment No. 2,2019,116,1
2019:523,523,11-Sep,H.R.1941,On Agreeing to the Amendment,F,Gosar of Arizona Part F Amendment No. 7,2019,116,1
2019:524,524,11-Sep,H.R.1941,On Motion to Recommit with Instructions,F,Coastal and Marine Economies Protection Act,2019,116,1
2019:525,525,11-Sep,H.R.1941,On Passage,P,Coastal and Marine Economies Protection Act,2019,116,1
2019:526,526,12-Sep,H.R.1146,On Agreeing to the Amendment,F,Young of Alaska Part D Amendment No. 1,2019,116,1
2019:527,527,12-Sep,H.R.1146,On Agreeing to the Amendment,F,Gosar of Arizona Part D Amendment No. 2,2019,116,1
2019:528,528,12-Sep,H.R.1146,On Agreeing to the Amendment,F,"Gosar of Arizona Part D Amendment No. 3, as Modified",2019,116,1
2019:529,529,12-Sep,H.R.1146,On Motion to Recommit with Instructions,F,Arctic Cultural and Coastal Plain Protection Act,2019,116,1
2019:530,530,12-Sep,H.R.1146,On Passage,P,Arctic Cultural and Coastal Plain Protection Act,2019,116,1
2019:531,531,17-Sep,S.1790,On Motion to Instruct Conferees,F,National Defense Authorization Act for Fiscal Year 2020,2019,116,1
2019:532,532,17-Sep,S.1790,On Closing Portions of the Conference,P,National Defense Authorization Act for Fiscal Year 2020,2019,116,1
2019:533,533,18-Sep,H.RES.558,On Ordering the Previous Question,P,Providing for consideration of the bill (H.R. 1423) FAIR Act; waiving a requirement of clause 6(a) of rule XIII with respect to consideration of certain resolutions reported from the Committee on Rules; and providing for consideration of motions to suspend the rules,2019,116,1
2019:534,534,18-Sep,H.RES.558,On Agreeing to the Resolution,P,Providing for consideration of the bill (H.R. 1423) FAIR Act; waiving a requirement of clause 6(a) of rule XIII with respect to consideration of certain resolutions reported from the Committee on Rules; and providing for consideration of motions to suspend the rules,2019,116,1
2019:535,535,18-Sep,H.R.4285,On Motion to Suspend the Rules and Pass,P,Department of Veterans Affairs Expiring Authorities Act,2019,116,1
2019:536,536,19-Sep,H.RES.564,On Ordering the Previous Question,P,"Providing for consideration of H.R. 4378, making continuing appropriations for fiscal year 2020, and for other purposes",2019,116,1
2019:537,537,19-Sep,H.RES.564,On Agreeing to the Resolution,P,"Providing for consideration of H.R. 4378, making continuing appropriations for fiscal year 2020, and for other purposes",2019,116,1
2019:538,538,19-Sep,H.R.4378,On Passage,P,"Making continuing appropriations for fiscal year 2020, and for other purposes",2019,116,1
2019:539,539,20-Sep,H.R.1423,On Agreeing to the Amendment,F,Jordan of Ohio Part B Amendment No. 1,2019,116,1
2019:540,540,20-Sep,H.R.1423,On Passage,P,Forced Arbitration Injustice Repeal Act,2019,116,1
2019:541,541,24-Sep,H.R.3190,"On Motion to Suspend the Rules and Pass, as Amended",P,BURMA Act,2019,116,1
2019:542,542,25-Sep,H.RES.577,On Ordering the Previous Question on the Amendment and the Resolution,P,"Providing for consideration of H.R. 2203, the Homeland Security Improvement Act; H.R. 3525, the US Border Patrol Medical Screening Standards Act ; and H.Res. 576, expressing the sense of the House with respect to the whistleblower complaint of Aug 12, 2019, made to the Inspector General of the Intelligence Community",2019,116,1
2019:543,543,25-Sep,H.RES.577,On Agreeing to the Resolution,P,"Providing for consideration of H.R. 2203, the Homeland Security Improvement Act; H.R. 3525, the US Border Patrol Medical Screening Standards Act ; and H.Res. 576, expressing the sense of the House with respect to the whistleblower complaint of Aug 12, 2019, made to the Inspector General of the Intelligence Community",2019,116,1
2019:544,544,25-Sep,H.R.1595,"On Motion to Suspend the Rules and Pass, as Amended",P,SAFE Banking Act,2019,116,1
2019:545,545,25-Sep,H.R.2203,On Motion to Recommit with Instructions,F,Homeland Security Improvement Act,2019,116,1
2019:546,546,25-Sep,H.R.2203,On Passage,P,Homeland Security Improvement Act,2019,116,1
2019:547,547,25-Sep,H.RES.590,On Motion to Table,P,Raising a question of the privileges of the House,2019,116,1
2019:548,548,25-Sep,H.RES.576,On Agreeing to the Resolution,P,"Expressing the sense of the House of Representatives with respect to the whistleblower complaint of August 12, 2019, made to the Inspector General of the Intelligence Community",2019,116,1
2019:549,549,26-Sep,H.RES.591,On Ordering the Previous Question,P,"Providing for consideration of S.J. Res. 54, relating to a national emergency declared by the President on February 15, 2019",2019,116,1
2019:550,550,26-Sep,H.RES.591,On Agreeing to the Resolution,P,"Providing for consideration of S.J. Res. 54, relating to a national emergency declared by the President on February 15, 2019",2019,116,1
2019:551,551,26-Sep,H.R.3525,On Motion to Recommit with Instructions,F,U.S. Border Patrol Medical Screening Standards Act,2019,116,1
2019:552,552,26-Sep,H.R.3525,On Passage,P,U.S. Border Patrol Medical Screening Standards Act,2019,116,1
2019:553,553,27-Sep,S.J.RES.54,On Passage,P,"Relating to a national emergency declared by the President on February 15, 2019",2019,116,1
2019:554,554,27-Sep,H.R.3722,On Motion to Suspend the Rules and Pass,P,Joint Task Force to Combat Opioid Trafficking Act,2019,116,1
2019:555,555,27-Sep,H.RES.603,On Motion to Table,P,Raising a question of the privileges of the House,2019,116,1
2019:556,556,15-Oct,H.R.2385,"On Motion to Suspend the Rules and Pass, as Amended",P,To permit the Secretary of Veterans Affairs to establish a grant program to conduct cemetery research and produce educational materials for the Veterans Legacy Program,2019,116,1
2019:557,557,15-Oct,H.R.95,On Motion to Suspend the Rules and Pass,P,Homeless Veteran Families Act,2019,116,1
2019:558,558,16-Oct,H.RES.629,On Ordering the Previous Question,P,"Providing for consideration of the bill (H.R. 1815) SEC Disclosure Effectiveness Testing Act, and providing for consideration of the bill (H.R. 3624) Outsourcing Accountability Act",2019,116,1
2019:559,559,16-Oct,H.RES.629,On Agreeing to the Resolution,P,"Providing for consideration of the bill (H.R. 1815) SEC Disclosure Effectiveness Testing Act, and providing for consideration of the bill (H.R. 3624) Outsourcing Accountability Act",2019,116,1
2019:560,560,16-Oct,H.J.RES.77,On Motion to Suspend the Rules and Pass,P,Opposing the decision to end certain United States efforts to prevent Turkish military operations against Syrian Kurdish forces in Northeast Syria,2019,116,1
2019:561,561,17-Oct,H.R.1815,On Agreeing to the Amendment,F,Huizenga of Michigan Part B Amendment No. 1,2019,116,1
2019:562,562,17-Oct,H.R.1815,On Agreeing to the Amendment,A,Gottheimer of New Jersey Part B Amendment No. 2,2019,116,1
2019:563,563,17-Oct,H.R.1815,On Agreeing to the Amendment,F,Wagner of Missouri Part B Amendment No. 3,2019,116,1
2019:564,564,17-Oct,H.R.1815,On Passage,P,SEC Disclosure Effectiveness Testing Act,2019,116,1
2019:565,565,18-Oct,H.R.3624,On Agreeing to the Amendment,F,Huizenga of Michigan Part C Amendment No. 1,2019,116,1
2019:566,566,18-Oct,H.R.3624,On Agreeing to the Amendment,F,Hill of Arkansas Part C Amendment No. 2,2019,116,1
2019:567,567,18-Oct,H.R.3624,On Passage,P,Outsourcing Accountability Act of 2019,2019,116,1
2019:568,568,21-Oct,H.RES.647,On Motion to Table,P,Raising a question of the privileges of the House,2019,116,1
2019:569,569,21-Oct,H.R.4406,"On Motion to Suspend the Rules and Pass, as Amended",P,Small Business Development Centers Improvement Act,2019,116,1
2019:570,570,21-Oct,H.R.4407,On Motion to Suspend the Rules and Pass,P,SCORE for Small Business Act,2019,116,1
2019:571,571,22-Oct,H.RES.646,On Ordering the Previous Question,P,Providing for consideration of the bill (H.R. 2513) Corporate Transparency Act,2019,116,1
2019:572,572,22-Oct,H.RES.646,On Agreeing to the Resolution,P,Providing for consideration of the bill (H.R. 2513) Corporate Transparency Act,2019,116,1
2019:573,573,22-Oct,H.R.2513,On Agreeing to the Amendment,A,Burgess of Texas Part B Amendment No. 1,2019,116,1
2019:574,574,22-Oct,H.R.2513,On Agreeing to the Amendment,A,Carolyn B. Maloney of New York Part B Amendment No. 4,2019,116,1
2019:575,575,22-Oct,H.R.2513,On Agreeing to the Amendment,F,Davidson of Ohio Part B Amendment No. 5,2019,116,1
2019:576,576,22-Oct,H.R.2513,On Motion to Recommit with Instructions,F,Corporate Transparency Act,2019,116,1
2019:577,577,22-Oct,H.R.2513,On Passage,P,Corporate Transparency Act,2019,116,1
2019:578,578,22-Oct,H.R.2426,"On Motion to Suspend the Rules and Pass, as Amended",P,Copyright Alternative in Small-Claims Enforcement Act of 2019,2019,116,1
2019:579,579,23-Oct,H.RES.650,On Ordering the Previous Question,P,"Providing for consideration of H.R. 4617, the Stopping Harmful Interference in Elections for a Lasting Democracy Act",2019,116,1
2019:580,580,23-Oct,H.RES.650,On Agreeing to the Resolution,P,"Providing for consideration of H.R. 4617, the Stopping Harmful Interference in Elections for a Lasting Democracy Act",2019,116,1
2019:581,581,23-Oct,H.R.4617,On Agreeing to the Amendment,F,Lesko of Arizona Part B Amendment No. 2,2019,116,1
2019:582,582,23-Oct,H.R.4617,On Motion to Recommit with Instructions,F,SHIELD Act,2019,116,1
2019:583,583,23-Oct,H.R.4617,On Passage,P,SHIELD Act,2019,116,1
2019:584,584,23-Oct,H.R.777,"On Motion to Suspend the Rules and Pass, as Amended",P,Debbie Smith Reauthorization Act of 2019,2019,116,1
2019:585,585,28-Oct,H.R.2440,"On Motion to Suspend the Rules and Pass, as Amended",P,Full Utilization of the Harbor Maintenance Trust Fund Act,2019,116,1
2019:586,586,28-Oct,H.R.2115,"On Motion to Suspend the Rules and Pass, as Amended",P,Public Disclosure of Drug Discounts and Real-Time Beneficiary Drug Cost Act,2019,116,1
2019:587,587,29-Oct,H.RES.655,On Ordering the Previous Question,P,"Providing for consideration of H. Res. 296, affirming the United States record on the Armenian Genocide",2019,116,1
2019:588,588,29-Oct,H.RES.655,On Agreeing to the Resolution,P,"Providing for consideration of H. Res. 296, affirming the United States record on the Armenian Genocide",2019,116,1
2019:589,589,29-Oct,H.RES.656,On Ordering the Previous Question,P,"Providing for consideration of H.R. 823, the Colorado Outdoor Recreation and Economy Act; H.R. 1373, the Grand Canyon Centennial Protection Act; H.R. 2181, the Chaco Cultural Heritage Area Protection Act of 2019; providing for proceedings during the period from November 1, 2019 through November 11, 2019",2019,116,1
2019:590,590,29-Oct,H.RES.656,On Agreeing to the Resolution,P,"Providing for consideration of H.R. 823, the Colorado Outdoor Recreation and Economy Act; H.R. 1373, the Grand Canyon Centennial Protection Act; H.R. 2181, the Chaco Cultural Heritage Area Protection Act of 2019; providing for proceedings during the period from November 1, 2019 through November 11, 2019",2019,116,1
2019:591,591,29-Oct,H.RES.296,On Agreeing to the Resolution,P,Affirming the United States record on the Armenian Genocide,2019,116,1
2019:592,592,29-Oct,H.R.4695,"On Motion to Suspend the Rules and Pass, as Amended",P,Protect Against Conflict by Turkey Act,2019,116,1
2019:593,593,30-Oct,H.R.2181,On Agreeing to the Amendment,F,Gosar of Arizona Part E Amendment No. 2,2019,116,1
2019:594,594,30-Oct,H.R.2181,On Agreeing to the Amendment,F,Gosar of Arizona Part E Amendment No. 3,2019,116,1
2019:595,595,30-Oct,H.R.2181,On Agreeing to the Amendment,F,Arrington of Texas Part E Amendment No. 4,2019,116,1
2019:596,596,30-Oct,H.R.2181,On Motion to Recommit with Instructions,F,Chaco Cultural Heritage Area Protection Act,2019,116,1
2019:597,597,30-Oct,H.R.2181,On Passage,P,Chaco Cultural Heritage Area Protection Act,2019,116,1
2019:598,598,30-Oct,H.R.1373,On Agreeing to the Amendment,F,Gosar of Arizona Part C Amendment No. 1,2019,116,1
2019:599,599,30-Oct,H.R.1373,On Agreeing to the Amendment,F,Gosar of Arizona Part C Amendment No. 2,2019,116,1
2019:600,600,30-Oct,H.R.1373,On Agreeing to the Amendment,F,Gosar of Arizona Part C Amendment No. 3,2019,116,1
2019:601,601,30-Oct,H.R.1373,On Motion to Recommit with Instructions,F,Grand Canyon Centennial Protection Act,2019,116,1
2019:602,602,30-Oct,H.R.1373,On Passage,P,Grand Canyon Centennial Protection Act,2019,116,1
2019:603,603,31-Oct,H.RES.660,On Ordering the Previous Question,P,"Directing certain committees to continue their ongoing investigations as part of the existing House of Representatives inquiry into whether sufficient grounds exist for the House of Representatives to exercise its Constitutional power to impeach Donald John Trump, President of the United States of America",2019,116,1
2019:604,604,31-Oct,H.RES.660,On Agreeing to the Resolution,P,"Directing certain committees to continue their ongoing investigations as part of the existing House of Representatives inquiry into whether sufficient grounds exist for the House of Representatives to exercise its Constitutional power to impeach Donald John Trump, President of the United States of America",2019,116,1
2019:605,605,31-Oct,H.R.823,On Agreeing to the Amendment,F,Curtis of Utah Part B Amendment No. 1,2019,116,1
2019:606,606,31-Oct,H.R.823,On Agreeing to the Amendment,F,Tipton of Colorado Part B Amendment No. 5,2019,116,1
2019:607,607,31-Oct,H.R.823,On Agreeing to the Amendment,A,Crow of Colorado Part B Amendment No. 6,2019,116,1
2019:608,608,31-Oct,H.R.823,On Motion to Recommit with Instructions,F,Colorado Outdoor Recreation and Economy Act,2019,116,1
2019:609,609,31-Oct,H.R.823,On Passage,P,Colorado Outdoor Recreation and Economy Act,2019,116,1
2019:610,610,12-Nov,H.R.4162,"On Motion to Suspend the Rules and Pass, as Amended",P,GI Bill Planning Act,2019,116,1
2019:611,611,12-Nov,H.R.3224,"On Motion to Suspend the Rules and Pass, as Amended",P,Deborah Sampson Act,2019,116,1
2019:612,612,13-Nov,H.R.3537,On Motion to Suspend the Rules and Pass,P,Veteran Entrepreneurship Training Act,2019,116,1
2019:613,613,13-Nov,H.R.499,On Motion to Suspend the Rules and Pass,P,Service-Disabled Veterans Small Business Continuation Act,2019,116,1
2019:614,614,13-Nov,H.R.3734,"On Motion to Suspend the Rules and Pass, as Amended",P,SERV Act,2019,116,1
2019:615,615,14-Nov,H.RES.695,On Ordering the Previous Question,P,"Providing for consideration of H.R. 4863, the United States Export Finance Agency Act of 2019; and for other purposes",2019,116,1
2019:616,616,14-Nov,H.RES.695,On Agreeing to the Resolution,P,"Providing for consideration of H.R. 4863, the United States Export Finance Agency Act of 2019; and for other purposes",2019,116,1
2019:617,617,15-Nov,H.R.4863,On Agreeing to the Amendment,A,Torres of California Amendment No. 2,2019,116,1
2019:618,618,15-Nov,H.R.4863,On Agreeing to the Amendment,F,Flores of Texas Amendment No. 3,2019,116,1
2019:619,619,15-Nov,H.R.4863,On Agreeing to the Amendment,A,McAdams of Utah Amendment No. 4,2019,116,1
2019:620,620,15-Nov,H.R.4863,On Agreeing to the Amendment,F,Davidson of Ohio Amendment No. 5,2019,116,1
2019:621,621,15-Nov,H.R.4863,On Agreeing to the Amendment,A,Stevens of Michigan Amendment No. 18,2019,116,1
2019:622,622,15-Nov,H.R.4863,On Agreeing to the Amendment,A,Torres Small of New Mexico Amendment No. 21,2019,116,1
2019:623,623,15-Nov,H.R.4863,On Motion to Recommit with Instructions,F,United States Export Finance Agency Act,2019,116,1
2019:624,624,15-Nov,H.R.4863,On Passage,P,United States Export Finance Agency Act,2019,116,1
2019:625,625,18-Nov,H.R.3702,"On Motion to Suspend the Rules and Pass, as Amended",P,Reforming Disaster Recovery Act,2019,116,1
2019:626,626,18-Nov,H.R.4634,"On Motion to Suspend the Rules and Pass, as Amended",P,Terrorism Risk Insurance Program Reauthorization Act,2019,116,1
2019:627,627,18-Nov,H.R.4344,"On Motion to Suspend the Rules and Pass, as Amended",P,Investor Protection and Capital Markets Fairness Act,2019,116,1
2019:628,628,19-Nov,H.RES.708,On Ordering the Previous Question,P,"Providing for consideration of the Senate amendment to the bill (H.R. 3055) making appropriations for the Departments of Commerce and Justice, Science, and Related Agencies for the fiscal year ending September 30, 2020, and for other purposes",2019,116,1
2019:629,629,19-Nov,H.RES.708,On Agreeing to the Resolution,P,"Providing for consideration of the Senate amendment to the bill (H.R. 3055) making appropriations for the Departments of Commerce and Justice, Science, and Related Agencies for the fiscal year ending September 30, 2020, and for other purposes",2019,116,1
2019:630,630,19-Nov,H.R.5084,On Motion to Suspend the Rules and Pass,P,Improving Corporate Governance Through Diversity Act,2019,116,1
2019:631,631,19-Nov,H.R.3055,On Motion to Concur in the Senate Amendment with an Amendment,P,"Making appropriations for the Departments of Commerce and Justice, Science, and Related Agencies for the fiscal year ending September 30, 2020, and for other purposes",2019,116,1
2019:632,632,20-Nov,H.RES.713,On Ordering the Previous Question,P,"Providing for consideration of H.R. 1309, the Workplace Violence Prevention for Health Care and Social Service Workers Act; providing for proceedings during the period from November 22, 2019 through December 2, 2019; and providing for consideration of motions to suspend the rules",2019,116,1
2019:633,633,20-Nov,H.RES.713,On Agreeing to the Resolution,P,"Providing for consideration of H.R. 1309, the Workplace Violence Prevention for Health Care and Social Service Workers Act; providing for proceedings during the period from November 22, 2019 through December 2, 2019; and providing for consideration of motions to suspend the rules",2019,116,1
2019:634,634,20-Nov,H.R.737,"On Motion to Suspend the Rules and Pass, as Amended",P,Shark Fin Sales Elimination Act,2019,116,1
2019:635,635,20-Nov,S.1838,On Motion to Suspend the Rules and Pass,P,Hong Kong Human Rights and Democracy Act,2019,116,1
2019:636,636,20-Nov,S.2710,On Motion to Suspend the Rules and Pass,P,To prohibit the commercial export of covered munitions items to the Hong Kong Police Force,2019,116,1
2019:637,637,21-Nov,H.R.1309,On Agreeing to the Amendment,F,Byrne of Alabama Part B Amendment No. 3,2019,116,1
2019:638,638,21-Nov,H.R.1309,On Agreeing to the Amendment,A,Harder of California Part B Amendment No. 4,2019,116,1
2019:639,639,21-Nov,H.R.1309,On Agreeing to the Amendment,A,Wexton of Virginia Part B Amendment No. 9,2019,116,1
2019:640,640,21-Nov,H.R.1309,On Agreeing to the Amendment,A,Delgado of New York Part B Amendment No. 10,2019,116,1
2019:641,641,21-Nov,H.R.1309,Table Appeal of the Ruling of the Chair,P,Workplace Violence Prevention for Heath Care and Social Service Workers Act,2019,116,1
2019:642,642,21-Nov,H.R.1309,On Passage,P,Workplace Violence Prevention for Heath Care and Social Service Workers Act,2019,116,1
